,year,weekofyear,precipitation_amt_mm,reanalysis_air_temp_k,reanalysis_avg_temp_k,reanalysis_dew_point_temp_k,reanalysis_max_air_temp_k,reanalysis_min_air_temp_k,reanalysis_precip_amt_kg_per_m2,reanalysis_relative_humidity_percent,reanalysis_sat_precip_amt_mm,reanalysis_specific_humidity_g_per_kg,reanalysis_tdtr_k,station_avg_temp_c,station_diur_temp_rng_c,station_max_temp_c,station_min_temp_c,station_precip_mm
936,2000,26,25.41,296.74,298.45,295.184285714,307.3,293.1,43.19,92.4185714286,25.41,16.6514285714,8.92857142857,26.4,10.775,32.5,20.7,3.0
937,2000,27,60.61,296.63428571400004,298.428571429,295.358571429,306.6,291.1,46.0,93.5814285714,60.61,16.8628571429,10.314285714299999,26.9,11.566666666700002,34.0,20.8,55.6
938,2000,28,55.52,296.41571428599997,297.392857143,295.622857143,304.5,292.6,64.77,95.84857142860001,55.52,17.12,7.385714285710001,26.8,11.4666666667,33.0,20.7,38.1
939,2000,29,5.6,295.357142857,296.228571429,292.797142857,303.6,288.6,23.96,87.2342857143,5.6,14.431428571400001,9.114285714289998,25.7666666667,10.5333333333,31.5,14.7,30.0
940,2000,30,62.76,296.432857143,297.635714286,293.957142857,307.0,291.5,31.8,88.1614285714,62.76,15.444285714300001,9.5,26.6,11.48,33.3,19.1,4.0
941,2000,31,16.24,297.19142857099996,298.285714286,291.72571428599997,306.2,288.5,1.0,74.72857142859999,16.24,13.421428571400002,13.771428571400001,25.34,10.94,32.0,17.0,11.5
942,2000,32,89.37,297.32,298.978571429,293.821428571,308.8,292.1,26.68,83.27571428569999,89.37,15.3114285714,11.4714285714,27.0166666667,11.65,34.0,19.9,72.9
943,2000,33,42.08,297.627142857,299.335714286,293.992857143,307.9,290.6,16.9,82.49,42.08,15.465714285699999,13.7,26.5833333333,10.3166666667,33.0,20.5,50.1
944,2000,34,49.22,298.238571429,299.571428571,292.904285714,310.1,291.3,5.59,74.74,49.22,14.444285714300001,13.771428571400001,26.9,13.4,34.0,19.0,89.2
945,2000,35,53.65,299.218571429,300.928571429,293.472857143,310.5,292.9,16.07,74.1514285714,53.65,15.0571428571,12.457142857100001,27.116666666700002,12.2666666667,34.0,20.0,78.0
946,2000,36,23.12,300.802857143,301.935714286,290.635714286,312.8,291.5,2.5,57.7871428571,23.12,12.6528571429,14.9,28.366666666700002,12.9,35.8,21.7,56.9
947,2000,37,34.62,299.858571429,301.37142857099997,293.64,310.7,292.3,4.1,71.66,34.62,15.2271428571,13.857142857100001,27.425,12.775,34.5,20.5,18.9
948,2000,38,97.55,297.435714286,298.51428571400004,292.707142857,310.2,288.3,3.2,77.4871428571,97.55,14.338571428599998,11.3142857143,27.5333333333,12.566666666700002,36.0,20.5,104.2
949,2000,39,95.89,299.35571428599997,300.885714286,293.217142857,310.8,290.0,2.6,71.4628571429,95.89,14.798571428599999,14.9428571429,27.15,12.175,34.0,20.5,57.9
950,2000,40,46.22,298.372857143,300.5,294.664285714,309.8,292.7,16.6,82.3714285714,46.22,16.1485714286,11.9714285714,26.7,11.675,34.0,20.0,63.0
951,2000,41,31.1,298.474285714,300.285714286,294.592857143,309.2,291.9,21.9,81.5228571429,31.1,16.071428571400002,13.485714285699999,27.657142857100002,11.3,34.0,21.0,3.0
952,2000,42,25.21,299.211428571,301.15,294.007142857,311.8,292.3,9.9,75.54,25.21,15.5285714286,14.9285714286,27.775,12.275,36.0,21.0,45.2
953,2000,43,49.25,299.541428571,301.1,294.708571429,310.2,291.9,23.3,76.94142857140001,49.25,16.1957142857,13.457142857100001,28.0,12.4666666667,34.6,20.0,57.9
954,2000,44,67.64,299.44,300.821428571,295.27428571400003,312.2,292.4,20.2,79.4285714286,67.64,16.8685714286,13.328571428599998,27.6,12.333333333299999,35.5,21.1,7.1
955,2000,45,51.83,300.74857142900004,301.80714285700003,295.28,310.4,294.3,19.2,74.8028571429,51.83,16.8471428571,12.871428571400001,28.175,12.25,35.2,21.5,13.5
956,2000,46,39.25,301.637142857,302.614285714,294.232857143,311.8,294.2,3.6,67.1857142857,39.25,15.88,13.371428571400001,29.025,13.1,36.4,21.7,0.0
957,2000,47,55.91,300.872857143,301.914285714,293.06,311.1,293.6,11.2,66.0428571429,55.91,14.7685714286,13.142857142899999,27.7,11.35,36.5,21.5,19.0
958,2000,48,20.65,299.23,301.26428571400004,294.717142857,310.0,293.5,14.5,78.88571428569999,20.65,16.244285714300002,12.014285714300001,27.05,11.575,34.2,21.0,19.0
959,2000,49,24.53,300.242857143,301.028571429,293.305714286,312.2,292.0,1.7,68.5571428571,24.53,14.9,15.457142857100001,28.0,12.0,34.0,22.0,0.8
960,2000,50,111.06,298.757142857,300.342857143,294.52,311.4,291.9,48.76,80.4085714286,111.06,16.0985714286,11.9714285714,26.616666666700002,9.65,33.8,21.0,67.2
961,2000,51,3.9,300.411428571,302.0,291.092857143,311.2,294.6,5.7,60.641428571400006,3.9,13.1885714286,13.0,28.2,12.2833333333,35.0,21.0,0.0
962,2001,1,59.11,297.958571429,298.98571428599996,296.99,305.5,293.2,64.6,94.9557142857,59.11,18.6728571429,6.94285714286,27.3333333333,11.0,33.3,21.8,38.9
963,2001,2,69.85,298.044285714,299.414285714,294.345714286,309.8,292.5,22.98,82.3471428571,69.85,15.8585714286,11.0857142857,27.0,11.225,33.2,20.7,59.9
964,2001,3,149.71,298.36857142900004,300.23571428599996,295.06142857099996,308.7,294.0,24.92,84.1757142857,149.71,16.6,11.014285714300001,27.05,10.9,33.0,20.5,52.0
965,2001,4,50.02,295.722857143,296.671428571,294.594285714,301.8,292.3,88.03,94.05714285709999,50.02,16.071428571400002,5.62857142857,25.7166666667,9.433333333330001,31.2,20.0,166.9
966,2001,5,87.18,295.297142857,296.1,294.411428571,302.2,292.2,80.95,95.40714285709998,87.18,15.86,5.1428571428600005,26.4333333333,9.666666666669999,33.0,20.0,147.8
967,2001,6,31.93,295.511428571,296.12857142900003,293.408571429,303.6,292.5,16.4,89.08,31.93,14.947142857100001,6.17142857143,27.35,10.025,34.2,21.7,3.3
968,2001,7,66.84,295.37,296.492857143,294.43857142900004,304.4,292.3,37.96,94.8842857143,66.84,15.93,6.04285714286,26.3,8.95,33.0,21.0,83.1
969,2001,8,16.17,296.07,296.978571429,294.73,304.4,290.6,34.18,92.84285714290002,16.17,16.2514285714,7.585714285710001,26.9333333333,10.0,33.2,21.0,38.1
970,2001,9,47.14,297.038571429,298.30714285700003,295.767142857,305.1,293.7,26.96,93.3142857143,47.14,17.3085714286,7.385714285710001,26.56,9.48,33.2,20.5,21.1
971,2001,10,118.07,297.61857142900004,298.69285714299997,296.46,305.8,294.8,83.89,94.09285714290002,118.07,18.0557142857,6.58571428571,27.2,10.15,33.3,20.0,87.1
972,2001,11,74.34,296.79,298.12857142900003,295.544285714,309.3,292.8,195.2,94.0942857143,74.34,17.0657142857,8.28571428571,27.05,12.1,34.2,20.0,39.9
973,2001,12,90.35,298.701428571,299.75,295.157142857,309.7,293.2,32.6,82.80142857140001,90.35,16.7571428571,10.6142857143,27.4333333333,11.433333333299998,34.1,20.0,70.8
974,2001,13,94.06,296.852857143,297.6,296.078571429,303.2,292.8,304.52,95.9242857143,94.06,17.6685714286,6.2,27.05,10.95,34.2,20.0,80.0
975,2001,14,86.46,296.305714286,297.828571429,295.695714286,305.5,292.9,91.43,96.7371428571,86.46,17.21,6.65714285714,27.16,10.98,35.0,20.5,46.2
976,2001,15,80.82,297.17571428599996,298.3,296.13,305.5,292.1,110.1,94.6028571429,80.82,17.6957142857,6.77142857143,26.46,11.66,34.0,19.5,120.1
977,2001,16,77.73,297.062857143,298.15,295.98571428599996,305.1,292.8,120.32,94.6157142857,77.73,17.52,7.5,27.34,11.04,33.5,20.4,45.3
978,2001,17,78.01,297.961428571,299.207142857,295.428571429,307.8,293.2,78.3,88.14857142860001,78.01,16.9685714286,10.2428571429,27.633333333299998,10.933333333299998,34.3,21.0,14.9
979,2001,18,94.77,297.285714286,298.65,295.74,305.6,293.1,103.87,92.19285714290001,94.77,17.3057142857,7.414285714289999,27.625,11.325,35.2,20.5,51.0
980,2001,19,45.56,297.135714286,298.2,296.332857143,305.1,292.1,85.9,95.82,45.56,17.891428571400002,7.085714285710001,26.6,8.8,32.7,21.4,66.0
981,2001,20,74.08,297.297142857,298.30714285700003,296.99,305.6,294.7,80.3,98.34142857139999,74.08,18.64,5.6428571428600005,27.4333333333,11.933333333299998,32.5,20.5,0.0
982,2001,21,70.81,296.922857143,297.957142857,295.827142857,305.6,293.0,53.1,94.71,70.81,17.3685714286,8.54285714286,27.4333333333,11.933333333299998,34.2,20.5,64.1
983,2001,22,90.07,296.845714286,298.0,295.18,304.8,291.8,20.3,91.4657142857,90.07,16.6942857143,8.8,27.25,12.65,34.8,20.5,32.0
984,2001,23,126.46,296.69142857099996,297.892857143,294.46,307.6,291.5,30.63,89.4871428571,126.46,15.968571428599999,9.72857142857,26.866666666700002,10.733333333300001,34.0,19.8,17.0
985,2001,24,47.13,295.482857143,296.435714286,294.341428571,302.6,291.9,95.06,94.0171428571,47.13,15.7828571429,7.27142857143,26.88,10.68,33.4,20.0,37.1
986,2001,25,53.93,296.0,297.321428571,293.647142857,305.2,291.0,13.45,88.1714285714,53.93,15.1342857143,9.41428571429,26.4,10.05,33.2,20.5,9.9
987,2001,26,1.22,294.845714286,296.0,290.57285714299996,306.1,288.4,1.82,79.3228571429,1.22,12.4642857143,12.3428571429,26.5,11.3666666667,32.3,17.1,31.0
988,2001,27,52.1,295.79571428599996,297.05,292.75285714299997,305.0,291.3,23.6,84.8571428571,52.1,14.2971428571,8.55714285714,26.5,11.3666666667,33.2,20.0,70.1
989,2001,28,39.09,295.80857142900004,297.021428571,293.43857142900004,307.2,290.3,16.7,88.3228571429,39.09,14.9285714286,9.7,27.35,10.95,33.5,19.5,22.3
990,2001,29,52.05,297.555714286,298.928571429,294.11571428599996,307.9,291.1,18.0,84.2457142857,52.05,15.6057142857,11.4285714286,26.7666666667,10.0666666667,32.8,21.0,36.8
991,2001,30,54.52,296.815714286,298.221428571,294.991428571,306.0,292.0,38.29,90.8142857143,54.52,16.505714285699998,10.2714285714,27.366666666700002,11.4,34.0,21.2,25.2
992,2001,31,27.97,297.291428571,299.178571429,293.452857143,308.1,289.8,9.71,82.2257142857,27.97,14.985714285699999,12.871428571400001,26.52,10.88,34.0,18.4,10.9
993,2001,32,0.0,298.537142857,300.135714286,291.387142857,308.7,291.0,0.2,66.66428571430001,0.0,13.158571428599998,14.642857142899999,27.1,12.175,33.5,17.8,18.0
994,2001,33,5.14,298.395714286,299.785714286,292.02428571400003,309.7,292.0,0.0,69.4757142857,5.14,13.715714285699999,13.3142857143,27.125,12.25,33.4,20.0,18.0
995,2001,34,9.97,298.44,299.814285714,294.017142857,308.8,291.7,30.1,78.3885714286,9.97,15.511428571400002,12.2,27.6,11.68,34.2,20.0,47.9
996,2001,35,47.58,298.75142857099996,300.51428571400004,293.72571428599997,311.2,293.0,16.9,76.9557142857,47.58,15.251428571400002,12.8,27.2,12.4666666667,35.2,20.0,31.0
997,2001,36,44.45,298.69142857099996,300.521428571,294.905714286,311.2,291.7,39.8,81.9871428571,44.45,16.4371428571,13.4428571429,27.375,12.15,34.3,20.8,35.1
998,2001,37,36.2,298.66571428599997,300.12142857099997,294.122857143,311.5,290.9,19.6,78.9571428571,36.2,15.658571428599998,13.7857142857,27.375,11.525,35.2,20.1,41.9
999,2001,38,66.4,297.962857143,299.421428571,294.597142857,309.0,292.9,65.54,84.0328571429,66.4,16.1042857143,10.9285714286,27.525,12.75,35.0,20.2,69.0
1000,2001,39,26.48,298.707142857,300.907142857,294.29571428599996,310.4,291.7,21.9,79.3657142857,26.48,15.8942857143,14.042857142899999,27.25,11.925,33.4,20.3,13.2
1001,2001,40,63.42,299.547142857,300.707142857,294.768571429,311.0,291.8,32.6,78.33,63.42,16.34,14.128571428599999,28.3,13.34,35.5,20.4,14.2
1002,2001,41,58.75,299.158571429,300.285714286,293.812857143,312.3,290.8,12.3,74.4185714286,58.75,15.3271428571,11.3428571429,28.525,12.475,36.8,21.8,30.9
1003,2001,42,77.89,300.30857142900004,302.2,294.214285714,312.9,292.4,49.2,72.1628571429,77.89,15.8728571429,12.885714285699999,27.633333333299998,12.5333333333,36.7,20.0,159.0
1004,2001,43,77.15,298.58428571400003,300.071428571,296.607142857,310.6,293.9,114.36,90.2657142857,77.15,18.2671428571,9.85714285714,28.0666666667,11.9666666667,35.0,21.0,89.1
1005,2001,44,83.53,298.341428571,299.507142857,295.305714286,308.8,292.0,46.46,85.5728571429,83.53,16.9585714286,11.271428571400001,27.64,10.38,35.8,21.5,76.0
1006,2001,45,34.54,298.51428571400004,299.75,296.195714286,309.7,292.5,164.74,89.0042857143,34.54,17.821428571400002,10.1,27.525,11.025,34.4,21.3,35.1
1007,2001,46,61.82,298.847142857,300.578571429,296.198571429,310.5,294.0,181.2,87.48142857139999,61.82,17.8,9.7,28.44,10.18,34.5,21.0,43.9
1008,2001,47,65.89,299.12,300.48571428599996,296.75285714299997,309.5,294.2,56.3,88.83714285709999,65.89,18.4514285714,9.22857142857,27.575,11.575,33.7,20.8,31.0
1009,2001,48,47.46,298.555714286,299.635714286,295.81142857099996,310.0,294.4,31.5,87.3771428571,47.46,17.4271428571,8.014285714289999,28.2333333333,11.666666666700001,35.3,21.8,12.2
1010,2001,49,46.86,298.754285714,300.221428571,295.981428571,308.5,294.6,158.5,87.24,46.86,17.595714285699998,8.87142857143,28.425,11.65,35.5,21.2,23.1
1011,2001,50,138.22,298.245714286,299.592857143,297.5,305.8,293.9,72.94,96.1185714286,138.22,19.3057142857,7.785714285710001,27.84,10.96,35.0,21.0,75.0
1012,2001,51,43.95,298.564285714,299.678571429,297.211428571,309.3,295.1,85.9,93.94714285709999,43.95,18.9657142857,7.385714285710001,27.075,9.5,32.9,21.0,57.9
1013,2001,52,100.72,298.238571429,299.35,297.511428571,306.7,294.7,109.64,96.3557142857,100.72,19.3028571429,6.5,27.35,8.65,33.3,22.0,25.1
1014,2002,1,70.16,297.13285714299997,297.87142857099997,296.06,304.5,292.5,109.8,94.5885714286,70.16,17.6185714286,5.94285714286,27.95,9.45,33.2,23.0,45.3
1015,2002,2,64.79,300.012857143,301.271428571,294.912857143,309.8,294.8,5.5,76.6028571429,64.79,16.4828571429,11.4,28.9666666667,11.933333333299998,35.4,21.0,7.1
1016,2002,3,22.77,299.877142857,300.907142857,294.60571428599997,309.4,291.8,4.7,75.2042857143,22.77,16.157142857100002,12.128571428599999,28.8,12.7666666667,36.0,22.0,5.0
1017,2002,4,121.07,298.91571428599997,299.87857142900003,295.11,308.7,293.2,19.91,81.5271428571,121.07,16.6771428571,10.214285714299999,27.94,11.8,35.8,21.0,18.0
1018,2002,5,59.4,296.858571429,297.9,296.137142857,304.2,294.1,43.12,96.2671428571,59.4,17.69,5.22857142857,26.3,9.7,32.5,20.8,120.2
1019,2002,6,4.68,295.912857143,296.69285714299997,295.231428571,304.2,292.0,69.96,96.6414285714,4.68,16.7228571429,5.18571428571,26.625,9.725,34.0,20.8,70.4
1020,2002,7,104.37,297.847142857,299.292857143,296.544285714,304.7,294.5,33.3,93.4385714286,104.37,18.1471428571,7.7,27.85,10.725,33.6,20.8,62.8
1021,2002,8,37.46,297.695714286,299.021428571,296.122857143,305.5,293.9,49.43,92.05,37.46,17.6871428571,7.72857142857,27.02,9.78,33.5,21.0,14.0
1022,2002,9,80.14,297.062857143,298.19285714299997,296.51428571400004,305.0,294.5,201.2,97.15714285709998,80.14,18.1257142857,5.81428571429,26.7,9.6,32.2,20.5,47.6
1023,2002,10,92.84,298.54,299.957142857,296.698571429,308.8,294.5,160.1,91.2214285714,92.84,18.3614285714,8.97142857143,27.85,13.2,35.7,21.0,48.3
1024,2002,11,41.96,298.358571429,300.15,296.238571429,309.2,293.8,46.9,89.7785714286,41.96,17.7957142857,9.41428571429,26.95,10.45,34.5,21.6,9.1
1025,2002,12,61.18,297.951428571,299.242857143,296.81,305.8,294.1,92.4,94.16571428569999,61.18,18.4428571429,7.37142857143,26.95,11.775,33.3,20.6,76.8
1026,2002,13,110.42,296.407142857,297.214285714,296.108571429,303.6,293.9,127.9,98.4571428571,110.42,17.68,4.4,26.1,10.3,32.3,20.7,49.0
1027,2002,14,94.01,297.174285714,298.064285714,296.741428571,303.9,294.5,122.3,97.77571428569999,94.01,18.3957142857,6.18571428571,27.3,10.4,32.5,20.2,20.1
1028,2002,15,75.98,296.862857143,297.7,296.351428571,303.3,294.1,187.8,97.2442857143,75.98,17.93,5.1428571428600005,26.3,9.4,31.4,20.8,13.0
1029,2002,16,109.49,297.76428571400004,298.921428571,296.31,305.0,294.4,49.8,92.6157142857,109.49,17.935714285699998,6.72857142857,27.2,13.0,34.6,20.3,53.9
1030,2002,17,45.59,297.58428571400003,298.814285714,296.63142857099996,305.2,293.9,96.1,95.2514285714,45.59,18.2228571429,7.314285714289999,27.2666666667,10.7,33.3,21.7,53.9
1031,2002,18,60.05,297.408571429,298.55,296.222857143,303.8,292.8,52.6,93.8457142857,60.05,17.8071428571,7.5,27.5,11.525,33.5,21.2,1.0
1032,2002,19,101.3,297.35571428599997,298.435714286,296.444285714,304.4,293.0,66.85,95.22,101.3,18.0242857143,8.04285714286,27.5,11.525,34.0,21.3,25.4
1033,2002,20,46.79,296.784285714,297.585714286,296.221428571,303.7,293.9,93.4,97.24285714290001,46.79,17.744285714300002,5.08571428571,26.866666666700002,9.7,32.3,20.8,543.3
1034,2002,21,51.25,297.05,298.62142857099997,296.02428571400003,306.2,292.7,32.3,94.80428571430001,51.25,17.5842857143,8.5,27.7,12.15,33.8,20.8,9.1
1035,2002,22,41.54,297.55714285700003,298.714285714,296.271428571,305.9,292.4,58.02,93.78857142860001,41.54,17.8228571429,7.65714285714,26.325,9.775,32.3,20.8,146.7
1036,2002,23,72.76,296.267142857,297.085714286,295.23571428599996,305.3,291.5,19.12,94.3457142857,72.76,16.7742857143,8.74285714286,27.3,11.6333333333,34.3,20.7,28.0
1037,2002,24,69.62,297.257142857,298.971428571,296.107142857,305.8,293.4,39.48,94.1442857143,69.62,17.6385714286,8.97142857143,27.8,11.5,34.0,20.7,1.0
1038,2002,25,39.16,296.80714285700003,297.51428571400004,293.87142857099997,306.4,288.4,22.95,85.7371428571,39.16,15.4142857143,10.714285714299999,26.2333333333,8.73333333333,33.0,18.8,31.0
1039,2002,26,3.18,295.80857142900004,296.907142857,292.147142857,305.3,290.0,14.1,82.1671428571,3.18,13.87,10.7285714286,26.15,10.8,32.6,18.6,7.1
1040,2002,27,3.27,294.635714286,294.892857143,291.794285714,305.1,287.4,6.2,85.5657142857,3.27,13.454285714300001,8.7,26.275,9.5,32.6,20.7,5.1
1041,2002,28,5.71,295.88285714299997,297.035714286,292.95,307.1,291.2,8.7,85.6728571429,5.71,14.4642857143,8.78571428571,26.133333333299998,10.633333333300001,32.3,20.3,26.3
1042,2002,29,63.0,296.44285714299997,297.742857143,293.327142857,306.3,290.6,8.3,84.6685714286,63.0,14.818571428599999,11.171428571400002,25.4,9.0,30.1,20.1,0.0
1043,2002,30,65.55,296.875714286,298.3,293.422857143,307.4,288.3,12.41,83.4971428571,65.55,14.93,11.9714285714,27.8,11.6,33.6,19.5,68.1
1044,2002,31,89.93,297.161428571,298.728571429,294.624285714,308.5,292.8,23.33,87.0342857143,89.93,16.0757142857,10.6,26.7,11.14,33.8,19.3,35.6
1045,2002,32,14.34,296.79571428599996,298.642857143,292.674285714,308.0,289.1,5.44,80.47,14.34,14.2457142857,13.457142857100001,27.25,12.8,34.0,20.2,0.0
1046,2002,33,9.81,298.304285714,299.335714286,291.678571429,308.9,290.8,1.7,69.06,9.81,13.441428571400001,14.385714285699999,27.8333333333,12.2333333333,35.1,20.6,7.1
1047,2002,34,31.71,296.184285714,296.73571428599996,292.451428571,308.6,288.8,5.61,82.1414285714,31.71,14.045714285699999,12.7571428571,27.4,11.15,33.1,20.8,70.6
1048,2002,35,38.8,298.412857143,299.98571428599996,293.874285714,310.3,291.6,10.7,77.7657142857,38.8,15.4128571429,12.8,27.4,11.15,35.1,20.9,24.1
1049,2002,36,81.85,299.395714286,300.678571429,294.531428571,310.5,293.9,13.1,77.0828571429,81.85,16.0342857143,11.9285714286,27.4,10.475,33.3,21.7,17.0
1050,2002,37,25.36,299.015714286,300.207142857,293.211428571,310.0,290.0,3.2,73.1414285714,25.36,14.7457142857,14.042857142899999,28.2333333333,13.2333333333,35.9,19.9,89.9
1051,2002,38,11.49,300.32,301.042857143,292.271428571,311.2,291.8,0.8,64.6885714286,11.49,13.9742857143,16.0285714286,28.9,12.7,36.6,21.5,0.8
1052,2002,39,38.56,299.238571429,301.114285714,294.414285714,312.6,291.5,41.1,79.5628571429,38.56,16.18,13.171428571400002,27.9,12.2,36.0,20.4,86.9
1053,2002,40,70.98,299.654285714,301.23571428599996,293.814285714,313.2,291.8,24.1,74.25,70.98,15.6342857143,13.7571428571,29.2,14.1333333333,37.7,21.7,74.2
1054,2002,41,70.22,298.717142857,300.55,295.661428571,310.6,293.4,34.4,85.1371428571,70.22,17.211428571400003,12.5285714286,28.075,11.45,34.6,21.8,79.8
1055,2002,42,21.96,298.297142857,299.714285714,295.585714286,308.8,292.1,40.7,86.9985714286,21.96,17.185714285699998,10.6571428571,28.0,11.6333333333,34.2,22.0,4.5
1056,2002,43,48.94,297.331428571,298.15,294.961428571,304.5,292.5,35.4,87.71714285709999,48.94,16.49,8.5,27.95,10.3,36.0,21.8,167.8
1057,2002,44,89.77,298.518571429,300.242857143,296.9,307.3,294.9,39.7,91.94428571430001,89.77,18.6028571429,9.02857142857,28.3,11.0,34.1,22.5,34.1
1058,2002,45,95.47,297.537142857,298.657142857,296.637142857,306.5,293.9,124.2,95.2857142857,95.47,18.2671428571,6.514285714290001,28.3,11.0,33.8,22.6,63.9
1059,2002,46,91.36,297.16571428599997,298.021428571,296.32285714299996,306.6,293.9,91.33,96.04714285709998,91.36,17.907142857100002,5.47142857143,27.6,10.7,33.6,21.4,212.6
1060,2002,47,61.69,297.375714286,298.828571429,296.781428571,305.9,294.4,85.8,96.84,61.69,18.4157142857,7.4,27.35,8.9,33.5,21.7,77.0
1061,2002,48,60.15,298.35,299.892857143,297.07285714299996,309.5,292.0,56.92,93.3957142857,60.15,18.7842857143,10.3857142857,28.1,10.55,34.0,22.0,17.2
1062,2002,49,49.69,298.32428571400004,299.657142857,296.48571428599996,306.8,294.3,49.2,90.66285714290001,49.69,18.1057142857,8.0,28.5,9.75,33.7,22.9,46.0
1063,2002,50,35.02,297.88428571400004,298.95,296.39,307.4,294.2,30.89,92.61428571430001,35.02,18.0042857143,7.92857142857,27.65,9.45,34.0,22.9,57.2
1064,2002,51,25.73,297.81857142900003,299.05714285700003,296.627142857,306.0,294.8,24.3,93.8457142857,25.73,18.2614285714,6.8571428571399995,27.98,8.72,34.0,23.3,24.0
1065,2002,52,151.73,297.872857143,299.171428571,296.63,305.7,293.8,54.7,93.40857142860001,151.73,18.2357142857,8.0,27.975,10.65,33.8,21.9,137.9
1066,2003,1,46.91,299.375714286,300.821428571,295.87142857099997,308.6,293.1,28.3,84.06,46.91,17.4528571429,12.1,28.45,9.95,34.4,22.4,92.9
1067,2003,2,11.77,297.684285714,299.171428571,295.944285714,308.6,291.5,33.6,91.56,11.77,17.497142857100002,8.42857142857,28.9333333333,10.2,35.0,22.1,35.1
1068,2003,3,60.46,296.92,298.614285714,295.901428571,305.2,293.4,27.9,94.3742857143,60.46,17.43,7.74285714286,28.0,9.5,33.3,22.5,164.4
1069,2003,4,84.05,298.125714286,299.564285714,295.00142857099996,307.7,291.6,8.8,84.46,84.05,16.5142857143,10.2714285714,28.4,10.6,34.2,23.0,67.1
1070,2003,5,35.05,299.487142857,300.242857143,294.012857143,310.0,292.5,6.26,74.8842857143,35.05,15.5928571429,11.771428571400001,28.6,12.0,35.4,22.5,7.9
1071,2003,6,56.36,297.218571429,298.4,296.218571429,304.9,292.0,170.6,94.55285714290001,56.36,17.8528571429,7.45714285714,26.6,7.0,33.8,22.4,41.9
1072,2003,7,70.63,296.585714286,297.671428571,295.52,302.9,293.2,38.7,94.3542857143,70.63,17.0157142857,6.02857142857,26.75,8.35,33.2,22.4,55.9
1073,2003,8,25.03,298.567142857,300.1,296.392857143,308.6,292.5,41.1,89.97428571430001,25.03,18.02,10.885714285699999,29.4,11.2,32.4,23.3,121.9
1074,2003,9,132.2,299.35,300.51428571400004,296.41,308.6,294.4,53.6,86.0128571429,132.2,18.0442857143,9.114285714289998,29.4,11.2,35.0,22.9,0.0
1075,2003,10,63.71,297.508571429,298.892857143,295.94285714299997,306.6,294.3,134.46,92.4685714286,63.71,17.5,7.9,27.95,9.1,32.9,22.9,5.0
1076,2003,11,47.97,296.68,297.635714286,295.94142857099996,305.9,292.4,186.8,96.1714285714,47.97,17.5157142857,6.24285714286,26.7,7.5,32.0,22.1,98.4
1077,2003,12,109.04,297.892857143,299.171428571,296.63285714299997,308.9,293.4,362.03,93.62857142860001,109.04,18.252857142899998,8.34285714286,27.6,9.9,33.5,22.7,61.9
1078,2003,13,93.61,298.64428571400003,300.392857143,296.81857142900003,308.1,294.3,44.5,91.5942857143,93.61,18.4842857143,9.47142857143,30.8,15.8,42.2,21.8,75.9
1079,2003,14,89.38,298.077142857,299.642857143,296.642857143,307.5,292.9,44.72,93.0142857143,89.38,18.2785714286,9.34285714286,28.26,9.96,34.2,22.6,75.0
1080,2003,15,78.59,298.082857143,298.971428571,297.358571429,305.9,293.9,86.23,96.27,78.59,19.0785714286,7.02857142857,28.175,9.675,34.5,22.9,79.0
1081,2003,16,51.14,296.74714285700003,297.521428571,295.99,304.0,293.2,43.85,95.99285714290001,51.14,17.5342857143,4.75714285714,27.72,8.48,34.2,22.4,49.0
1082,2003,17,77.34,297.992857143,299.478571429,296.50142857099996,306.3,293.4,56.6,92.54714285709998,77.34,18.1557142857,8.385714285710002,28.2,10.45,33.9,21.8,82.9
1083,2003,18,65.43,296.69142857099996,297.585714286,296.16,304.5,294.0,247.6,97.27714285709999,65.43,17.6885714286,5.08571428571,27.2,8.333333333330001,32.9,22.7,105.9
1084,2003,19,138.05,296.45428571400004,297.964285714,295.70428571400004,305.2,292.9,59.5,96.14,138.05,17.2228571429,7.15714285714,28.35,9.316666666669999,33.6,23.4,69.0
1085,2003,20,84.16,294.922857143,295.242857143,294.567142857,301.5,290.1,95.3,98.13285714290001,84.16,16.0857142857,4.77142857143,27.0,8.8,32.5,22.0,246.2
1086,2003,21,23.7,295.87857142900003,296.835714286,295.035714286,304.1,291.6,34.56,95.8542857143,23.7,16.5157142857,6.75714285714,27.4666666667,8.9,32.5,22.3,145.8
1087,2003,22,166.52,297.648571429,298.971428571,296.08,306.1,293.3,113.8,92.46142857139999,166.52,17.6185714286,9.31428571429,27.7,8.72,35.0,22.4,187.9
1088,2003,23,70.25,296.591428571,297.757142857,296.127142857,303.9,294.2,40.7,97.61714285709999,70.25,17.6514285714,5.514285714290001,27.2,8.15,33.4,22.4,72.1
1089,2003,24,98.72,296.837142857,297.80714285700003,296.11714285700003,303.4,292.8,61.8,96.22285714290001,98.72,17.6685714286,7.07142857143,27.7,9.575,33.2,21.6,107.0
1090,2003,25,47.15,296.008571429,296.757142857,293.978571429,304.9,291.0,5.56,90.04857142860001,47.15,15.4771428571,8.91428571429,27.525,10.725,33.5,21.8,40.4
1091,2003,26,88.88,295.387142857,296.357142857,294.542857143,303.7,291.8,38.1,95.5757142857,88.88,15.985714285699999,6.54285714286,26.95,9.45,32.7,21.9,93.5
1092,2003,27,61.09,295.12857142900003,295.992857143,294.037142857,305.5,291.7,42.5,94.1271428571,61.09,15.511428571400002,6.5,25.866666666700002,7.5,33.8,21.7,79.3
1093,2003,28,53.58,296.94285714299997,298.30714285700003,294.154285714,307.3,291.4,13.55,86.6557142857,53.58,15.6185714286,10.1,27.075,10.875,33.2,20.7,1.5
1094,2003,29,65.2,296.79,298.171428571,293.642857143,306.6,287.3,27.06,85.6114285714,65.2,15.2971428571,12.0,27.6666666667,10.833333333299999,33.4,17.4,23.8
1095,2003,30,2.64,296.48571428599996,298.042857143,291.85,305.4,289.2,6.39,77.80428571430001,2.64,13.558571428599999,11.4285714286,26.4666666667,10.366666666699999,32.1,18.0,9.9
1096,2003,31,24.64,296.82285714299996,298.357142857,293.184285714,306.9,291.2,12.0,82.27,24.64,14.6857142857,10.314285714299999,27.225,9.9,32.4,21.3,69.1
1097,2003,32,89.28,297.658571429,298.55,293.04571428599996,308.2,290.8,6.5,77.8614285714,89.28,14.5842857143,12.642857142899999,27.85,11.2,34.2,21.3,117.0
1098,2003,33,52.47,297.338571429,298.271428571,294.11857142900004,307.0,291.3,21.0,83.9271428571,52.47,15.588571428599998,10.6571428571,27.4,10.05,34.4,21.7,79.0
1099,2003,34,45.38,297.36571428599996,298.857142857,293.511428571,308.1,292.0,35.1,81.9428571429,45.38,15.01,10.0571428571,27.75,11.9,34.0,20.0,18.3
1100,2003,35,29.51,297.875714286,299.671428571,294.932857143,306.6,291.2,18.03,85.7257142857,29.51,16.4457142857,10.885714285699999,28.0,12.1,34.4,21.4,95.7
1101,2003,36,8.84,297.38142857099996,298.44285714299997,290.97,309.5,289.1,33.5,70.9285714286,8.84,12.947142857100001,12.771428571400001,26.65,11.9,33.9,18.5,0.8
1102,2003,37,36.42,298.831428571,300.19285714299997,293.92714285700004,310.2,292.0,6.0,76.5328571429,36.42,15.447142857100001,12.671428571400002,27.8333333333,12.3,34.3,21.0,53.1
1103,2003,38,55.73,296.948571429,297.707142857,293.684285714,310.6,288.2,115.2,85.03,55.73,15.3114285714,10.7571428571,27.8,11.6,35.3,16.8,92.3
1104,2003,39,100.55,298.14428571400003,299.292857143,295.737142857,307.9,293.0,53.36,88.11714285709999,100.55,17.2628571429,9.47142857143,28.0333333333,10.633333333300001,34.7,21.8,27.2
1105,2003,40,74.6,299.357142857,300.7,295.828571429,310.6,292.9,253.3,83.6828571429,74.6,17.4514285714,11.6,28.575,12.175,35.5,21.8,34.5
1106,2003,41,38.3,297.91571428599997,299.885714286,296.312857143,309.0,292.5,42.5,92.16571428569999,38.3,17.9142857143,11.2,27.2,9.35,35.7,22.3,138.2
1107,2003,42,44.16,298.162857143,299.35,296.201428571,305.6,293.8,34.6,90.34285714290002,44.16,17.7971428571,8.52857142857,28.3,10.65,34.4,22.9,36.0
1108,2003,43,39.52,298.957142857,300.678571429,296.224285714,311.2,294.6,41.2,87.37,39.52,17.8957142857,9.95714285714,27.975,10.475,34.5,20.7,32.1
1109,2003,44,32.47,300.041428571,300.842857143,295.29571428599996,310.1,292.3,6.1,77.7842857143,32.47,16.8728571429,12.0857142857,28.7333333333,11.1333333333,35.5,22.8,56.4
1110,2003,45,105.14,298.135714286,299.957142857,295.74,310.8,292.3,85.3,88.48,105.14,17.39,9.42857142857,27.6,9.566666666669999,34.0,21.9,139.7
1111,2003,46,31.08,298.36714285700003,300.171428571,295.645714286,308.4,290.9,36.4,86.7557142857,31.08,17.2928571429,10.6285714286,28.5,10.85,35.5,20.8,79.0
1112,2003,47,123.63,298.68142857099997,300.107142857,296.72571428599997,307.0,294.8,40.8,90.88285714290001,123.63,18.378571428599997,9.04285714286,27.9,10.55,36.0,22.4,284.4
1113,2003,48,81.27,299.222857143,299.607142857,296.53,308.5,294.3,51.4,86.9957142857,81.27,18.27,9.07142857143,28.3,10.233333333300001,34.7,22.0,26.2
1114,2003,49,72.23,298.315714286,299.73571428599996,296.135714286,309.4,293.5,77.83,89.2071428571,72.23,17.7457142857,9.7,28.7666666667,10.1666666667,35.1,22.0,138.0
1115,2003,50,108.62,298.685714286,300.25,297.338571429,306.4,294.8,178.89,93.23142857139999,108.62,19.1071428571,8.27142857143,28.4,11.7,34.2,22.5,47.4
1116,2003,51,64.95,298.168571429,299.542857143,296.851428571,308.5,294.1,65.04,93.91714285709999,64.95,18.5328571429,8.34285714286,28.3,10.45,34.8,22.1,66.8
1117,2003,52,49.42,296.297142857,297.05,295.682857143,302.6,294.3,82.68,96.93714285709999,49.42,17.1728571429,4.18571428571,27.3,9.6,33.1,22.3,185.7
1118,2004,1,78.53,297.437142857,298.742857143,296.637142857,304.0,294.9,55.3,95.7942857143,78.53,18.255714285699998,6.2,27.4333333333,8.666666666669999,34.2,22.4,137.2
1119,2004,2,78.53,297.437142857,298.742857143,296.637142857,304.0,294.9,55.3,95.7942857143,78.53,18.255714285699998,6.2,27.4333333333,8.666666666669999,34.2,22.4,137.2
1120,2004,3,63.47,297.75285714299997,298.957142857,297.02,306.2,294.5,62.5,96.12857142860001,63.47,18.7128571429,6.82857142857,28.7,9.9,34.1,23.1,68.1
1121,2004,4,29.23,299.62,300.828571429,295.89,308.3,293.6,19.4,82.4671428571,29.23,17.4914285714,11.228571428599999,28.7333333333,11.4,34.6,21.8,20.1
1122,2004,5,4.65,300.9,302.15,292.832857143,309.7,293.2,1.6,65.2842857143,4.65,14.548571428599999,13.642857142899999,28.925,12.125,35.6,22.3,0.0
1123,2004,6,13.2,299.902857143,301.37142857099997,293.988571429,309.8,293.2,9.0,72.9271428571,13.2,15.5671428571,14.0857142857,29.2,13.525,36.4,20.6,24.1
1124,2004,7,24.83,298.27,299.55,295.64,307.2,294.8,33.46,86.7657142857,24.83,17.1742857143,8.5,27.925,9.5,33.3,22.8,13.4
1125,2004,8,39.06,298.081428571,299.75,295.642857143,310.1,292.6,34.5,87.7185714286,39.06,17.2085714286,9.72857142857,26.6,8.1,35.5,22.0,8.6
1126,2004,9,125.04,297.88285714299997,299.435714286,296.348571429,308.0,294.3,83.27,93.0128571429,125.04,17.95,7.814285714289999,27.4666666667,10.133333333300001,34.4,20.6,18.9
1127,2004,10,52.08,297.981428571,299.428571429,296.455714286,308.1,293.2,49.36,92.5614285714,52.08,18.0942857143,9.08571428571,28.4,11.3,34.5,22.3,79.0
1128,2004,11,80.33,296.777142857,297.521428571,296.06857142900003,304.4,293.5,76.75,96.28857142860001,80.33,17.61,5.24285714286,28.0,11.0,33.5,22.5,24.1
1129,2004,12,137.83,297.887142857,299.535714286,296.62142857099997,305.5,292.9,75.16,93.62857142860001,137.83,18.2485714286,9.78571428571,28.3,9.5,34.3,21.7,187.2
1130,2004,13,120.1,297.312857143,298.2,296.607142857,303.5,294.0,76.2,96.23857142860001,120.1,18.2371428571,5.71428571429,28.65,9.3,34.0,23.6,142.6
1131,2004,14,101.22,297.202857143,298.26428571400004,296.815714286,303.9,293.8,88.9,97.9414285714,101.22,18.47,5.21428571429,28.0666666667,9.1,33.9,22.7,2.0
1132,2004,15,47.26,297.812857143,298.978571429,297.17571428599996,305.6,294.2,135.4,96.4985714286,47.26,18.8257142857,6.27142857143,27.65,9.5,33.1,22.3,4.0
1133,2004,16,61.8,298.217142857,299.65,296.637142857,308.4,292.9,54.89,92.32,61.8,18.3085714286,8.985714285710001,28.0333333333,10.366666666699999,33.6,21.7,36.9
1134,2004,17,113.62,297.78,298.51428571400004,296.771428571,304.0,293.9,90.3,94.78857142860001,113.62,18.4085714286,6.0,28.0,10.65,34.5,22.5,39.6
1135,2004,18,65.82,297.127142857,297.828571429,296.708571429,303.5,293.6,133.17,97.8085714286,65.82,18.34,5.02857142857,27.5333333333,8.666666666669999,32.9,22.6,148.5
1136,2004,19,83.93,297.798571429,299.12857142900003,296.835714286,305.9,293.1,56.52,95.1157142857,83.93,18.5114285714,8.71428571429,27.2333333333,9.933333333330001,33.3,22.0,97.0
1137,2004,20,34.81,296.414285714,297.214285714,295.27,303.4,292.6,45.5,93.8971428571,34.81,16.7785714286,5.77142857143,27.3,8.4,33.0,19.5,91.8
1138,2004,21,173.45,297.602857143,299.178571429,295.82,308.2,292.0,83.0,91.6271428571,173.45,17.4014285714,9.1,26.65,7.4,34.2,22.5,296.9
1139,2004,22,35.43,297.305714286,298.328571429,295.958571429,306.4,291.7,42.6,93.5757142857,35.43,17.5,9.62857142857,27.5,9.5,33.3,20.5,28.2
1140,2004,23,88.62,296.767142857,297.821428571,295.697142857,304.1,292.8,36.63,94.69285714290001,88.62,17.2128571429,8.18571428571,27.5,9.5,32.8,19.8,203.0
1141,2004,24,85.28,295.57428571400004,296.25,294.99,300.0,293.0,51.89,96.8757142857,85.28,16.42,5.04285714286,26.8,8.566666666669999,32.0,20.9,87.9
1142,2004,25,94.52,296.20428571400004,297.321428571,294.705714286,306.0,292.1,24.5,92.37142857139999,94.52,16.1385714286,7.785714285710001,25.9,8.4,33.3,21.5,43.2
1143,2004,26,32.95,295.63428571400004,296.814285714,293.86,304.2,289.8,25.9,90.44714285709999,32.95,15.3128571429,8.4,25.075,9.075,32.1,18.6,98.5
1144,2004,27,46.39,296.151428571,297.585714286,295.041428571,304.4,291.8,50.7,94.6685714286,46.39,16.5142857143,8.45714285714,25.9,8.15,30.9,21.1,170.1
1145,2004,28,83.94,296.61714285700003,298.085714286,294.814285714,305.1,291.8,18.67,90.9057142857,83.94,16.252857142899998,9.485714285710001,26.55,8.85,32.0,21.8,43.2
1146,2004,29,48.09,297.50142857099996,298.935714286,294.358571429,306.9,291.4,24.76,85.1585714286,48.09,15.86,11.2142857143,26.8,11.7,33.1,20.5,31.0
1147,2004,30,53.78,296.812857143,298.114285714,294.99714285700003,304.4,291.8,25.42,90.92857142860001,53.78,16.48,10.2,26.3,8.8,32.1,21.9,103.1
1148,2004,31,85.96,296.017142857,297.292857143,294.471428571,306.1,291.7,27.62,92.52714285709999,85.96,15.975714285699999,8.84285714286,27.1,9.8,32.9,19.4,6.0
1149,2004,32,29.82,297.517142857,298.964285714,293.14428571400003,307.4,291.0,3.9,79.7185714286,29.82,14.694285714300001,12.1571428571,27.1,9.8,34.0,18.3,55.1
1150,2004,33,18.44,296.53,297.635714286,292.222857143,307.2,288.1,4.1,79.2357142857,18.44,13.8242857143,12.1857142857,27.1,9.8,31.3,20.0,0.5
1151,2004,34,23.78,297.82,299.98571428599996,293.421428571,308.3,290.2,7.9,78.4814285714,23.78,14.9614285714,14.2857142857,27.1,9.8,32.8,21.7,0.5
1152,2004,35,42.86,298.142857143,299.80714285700003,294.567142857,310.1,291.1,23.2,83.1728571429,42.86,16.0771428571,12.5285714286,27.1,9.8,32.8,20.4,0.0
1153,2004,36,147.32,297.771428571,299.37857142900003,294.988571429,307.8,291.7,41.89,86.54,147.32,16.4842857143,11.128571428599999,27.1,9.8,32.0,20.9,195.1
1154,2004,37,46.58,298.457142857,300.51428571400004,296.11571428599996,308.2,294.7,35.7,88.74285714290001,46.58,17.67,10.285714285700001,27.4,8.7,34.3,23.0,23.2
1155,2004,38,36.64,297.721428571,299.064285714,295.88,308.9,293.3,59.5,91.2,36.64,17.44,8.92857142857,27.1666666667,9.5,33.0,20.4,87.3
1156,2004,39,48.68,298.62857142900003,299.971428571,294.38285714299997,309.8,292.4,6.9,79.5571428571,48.68,15.9014285714,13.2,28.0,13.5,34.7,18.8,20.1
1157,2004,40,85.69,299.17,300.914285714,296.11571428599996,310.6,293.8,70.02,84.8071428571,85.69,17.711428571400003,11.6571428571,28.65,13.1,35.5,21.8,40.1
1158,2004,41,52.27,297.56857142900003,298.742857143,295.314285714,305.5,292.7,39.9,88.8257142857,52.27,16.8242857143,8.82857142857,26.975,10.875,33.0,20.6,27.9
1159,2004,42,65.25,298.05714285700003,299.26428571400004,296.86714285700003,307.2,293.3,51.6,94.16,65.25,18.5471428571,8.35714285714,28.55,11.3,34.5,21.4,120.6
1160,2004,43,35.61,299.428571429,300.921428571,296.29571428599996,309.6,292.8,23.1,85.0657142857,35.61,17.9014285714,13.1571428571,27.7,9.55,35.6,22.4,13.0
1161,2004,44,74.01,298.44142857099996,299.94285714299997,295.907142857,312.3,292.2,48.5,87.87,74.01,17.5371428571,12.3142857143,27.4,10.0,35.8,21.3,89.9
1162,2004,45,91.63,299.504285714,300.785714286,296.178571429,309.2,294.3,67.0,84.8271428571,91.63,17.8057142857,10.6571428571,28.35,12.35,34.9,21.8,101.4
1163,2004,46,74.68,297.168571429,297.707142857,296.484285714,304.2,292.4,53.9,96.3542857143,74.68,18.121428571400003,5.92857142857,27.2,8.9,33.7,22.4,184.2
1164,2004,47,74.08,299.418571429,301.23571428599996,296.097142857,309.3,293.6,26.8,84.6114285714,74.08,17.7385714286,11.642857142899999,28.25,11.0,35.8,22.5,107.4
1165,2004,48,71.98,297.958571429,299.2,297.02,306.1,293.6,56.8,95.2514285714,71.98,18.7142857143,7.914285714289999,28.0,10.36,35.3,22.6,77.0
1166,2004,49,53.01,299.17714285700004,300.37857142900003,296.44,309.5,293.3,36.83,87.13,53.01,18.11,10.957142857100001,27.9,11.0,34.1,22.4,64.0
1167,2004,50,70.04,297.787142857,298.835714286,296.57428571400004,305.8,294.5,91.0,93.9385714286,70.04,18.2071428571,6.5,28.375,9.65,34.0,22.6,9.9
1168,2004,51,49.56,298.701428571,300.035714286,296.385714286,308.5,293.8,38.0,88.78,49.56,18.04,10.214285714299999,28.375,9.65,34.0,22.6,128.3
1169,2004,52,109.83,298.404285714,299.657142857,297.122857143,306.3,294.8,29.79,93.25285714290001,109.83,18.8557142857,8.22857142857,27.8,8.5,33.3,22.6,100.8
1170,2005,53,70.6,298.162857143,300.007142857,296.712857143,307.9,293.5,61.61,93.0057142857,70.6,18.37,9.75714285714,28.5,9.1,33.2,23.0,74.9
1171,2005,1,70.6,298.162857143,300.007142857,296.712857143,307.9,293.5,61.61,93.0057142857,70.6,18.37,9.75714285714,28.5,9.1,33.2,23.0,74.9
1172,2005,2,93.73,297.662857143,298.842857143,296.727142857,307.6,291.6,96.21,95.53,93.73,18.4085714286,7.22857142857,28.4,10.4,34.2,22.5,232.1
1173,2005,3,60.52,300.06857142900003,301.564285714,296.58,308.7,295.0,26.7,83.3,60.52,18.2585714286,11.357142857100001,28.866666666700002,11.166666666700001,35.5,22.5,194.0
1174,2005,4,25.67,299.648571429,301.107142857,296.93142857099997,308.1,294.9,42.24,87.31285714290001,25.67,18.6457142857,9.985714285710001,28.866666666700002,12.066666666700002,35.1,22.1,0.0
1175,2005,5,88.96,299.06142857099996,300.828571429,296.907142857,308.4,295.3,47.3,89.4271428571,88.96,18.6357142857,9.34285714286,28.525,10.725,35.4,22.2,3.8
1176,2005,6,52.61,296.75285714299997,297.69285714299997,295.995714286,304.4,294.2,56.8,95.97714285709999,52.61,17.5757142857,5.18571428571,27.4666666667,8.73333333333,32.8,21.4,70.4
1177,2005,7,125.35,298.027142857,299.164285714,297.221428571,304.6,294.5,189.06,95.7485714286,125.35,18.9471428571,6.985714285710001,27.5,9.5,32.3,22.3,350.9
1178,2005,8,46.98,298.29571428599996,299.285714286,296.542857143,306.5,294.4,39.6,91.57714285709999,46.98,18.2014285714,7.8571428571399995,28.65,10.9,35.2,22.4,84.1
1179,2005,9,54.22,298.158571429,299.392857143,297.04571428599996,305.9,294.4,44.51,94.40142857139999,54.22,18.731428571400002,8.014285714289999,28.2666666667,9.2,33.8,23.3,19.0
1180,2005,10,155.54,297.957142857,298.685714286,297.528571429,304.9,295.6,201.4,97.68714285709999,155.54,19.2742857143,4.82857142857,26.8,6.7,34.8,23.4,8.6
1181,2005,11,162.51,297.314285714,298.678571429,295.85,304.5,291.9,21.7,92.2671428571,162.51,17.3985714286,7.814285714289999,28.7,9.85,33.8,22.5,146.1
1182,2005,12,99.37,298.37,299.828571429,296.25142857099996,306.6,294.7,32.8,89.82,99.37,17.82,9.34285714286,27.72,8.96,33.4,22.5,108.8
1183,2005,13,55.12,297.37,298.585714286,296.088571429,308.6,293.0,67.5,93.8014285714,55.12,17.6242857143,7.62857142857,28.25,10.85,34.3,20.8,73.9
1184,2005,14,87.41,297.708571429,299.0,296.23571428599996,306.5,292.4,68.0,92.41714285709999,87.41,17.8928571429,8.45714285714,28.1,10.85,33.8,21.6,71.1
1185,2005,15,40.03,297.701428571,298.464285714,297.202857143,304.0,295.0,90.2,97.3228571429,40.03,18.8857142857,6.41428571429,27.65,9.35,32.9,22.5,3.6
1186,2005,16,37.6,297.437142857,298.19285714299997,296.961428571,306.4,294.0,178.2,97.3814285714,37.6,18.5971428571,5.3571428571399995,28.85,10.05,34.0,22.7,105.6
1187,2005,17,78.8,297.92714285700004,298.864285714,297.402857143,303.9,294.1,54.9,97.16285714290001,78.8,19.1528571429,6.6428571428600005,28.6,9.1,33.8,23.7,14.5
1188,2005,18,33.29,297.33,298.435714286,296.575714286,304.8,293.3,64.1,95.93714285709999,33.29,18.1814285714,6.1,25.8,7.5,33.5,21.0,13.0
1189,2005,19,49.07,298.684285714,299.721428571,296.341428571,306.7,293.6,54.89,88.2942857143,49.07,17.94,9.27142857143,27.9,11.6,34.6,21.0,28.0
1190,2005,20,56.22,297.532857143,298.342857143,296.352857143,304.9,293.6,49.1,93.9185714286,56.22,17.9571428571,7.54285714286,27.4,8.7,33.2,23.6,95.9
1191,2005,21,43.14,299.005714286,300.614285714,295.804285714,308.1,294.0,21.1,84.6585714286,43.14,17.407142857100002,10.9428571429,27.4,8.7,33.6,22.4,37.9
1192,2005,22,61.75,298.434285714,299.478571429,295.678571429,307.3,292.7,34.92,86.70142857139999,61.75,17.2,10.0142857143,27.1,9.166666666669999,33.9,20.9,78.9
1193,2005,23,40.44,297.304285714,298.48571428599996,296.227142857,303.9,293.7,51.0,94.59285714290002,40.44,17.788571428599997,7.17142857143,27.1,9.166666666669999,32.4,22.0,19.5
1194,2005,24,104.83,297.377142857,298.62142857099997,295.32,304.8,293.4,29.01,89.19428571430001,104.83,16.8242857143,8.52857142857,27.6666666667,9.833333333330001,33.3,22.0,73.7
1195,2005,25,50.88,297.857142857,299.05714285700003,294.64428571400003,307.7,291.9,11.0,84.4671428571,50.88,16.1685714286,10.4857142857,27.35,9.55,32.8,22.4,89.2
1196,2005,26,23.6,296.82,298.492857143,294.408571429,307.4,292.4,26.6,88.38714285709999,23.6,15.8771428571,10.7285714286,26.8333333333,8.76666666667,33.7,20.8,92.0
1197,2005,27,43.24,297.86571428599996,299.421428571,294.528571429,308.3,290.4,23.91,84.6928571429,43.24,16.038571428599997,11.1,27.8,10.7,34.5,21.6,40.9
1198,2005,28,109.71,296.988571429,297.592857143,292.23,308.2,288.3,8.7,77.3728571429,109.71,13.9285714286,11.8142857143,27.8,11.1333333333,34.2,17.6,167.1
1199,2005,29,27.33,297.794285714,298.928571429,292.455714286,307.7,287.5,8.9,75.6971428571,27.33,14.191428571400001,13.514285714300001,26.55,12.7,33.8,18.2,0.0
1200,2005,30,42.32,296.898571429,298.01428571400004,293.75,306.3,290.1,15.3,84.2385714286,42.32,15.26,10.0857142857,21.4,5.7,32.3,18.5,71.1
1201,2005,31,0.0,298.221428571,299.728571429,293.035714286,308.2,292.6,8.64,75.5714285714,0.0,14.6085714286,11.485714285699999,26.25,10.6,32.3,19.2,0.0
1202,2005,32,38.17,298.92571428599996,300.335714286,293.64,309.7,293.5,1.99,74.8557142857,38.17,15.15,12.1857142857,27.325,11.85,33.5,19.8,36.6
1203,2005,33,17.85,299.60571428599997,300.428571429,291.778571429,310.5,290.7,6.0,64.6585714286,17.85,13.59,14.2,27.75,13.1,32.8,17.3,69.6
1204,2005,34,69.62,298.428571429,299.678571429,294.945714286,309.0,292.9,15.82,83.8542857143,69.62,16.44,10.8142857143,27.75,13.1,35.0,20.3,127.0
1205,2005,35,12.81,298.184285714,299.37142857099997,293.918571429,308.6,292.4,11.0,79.6471428571,12.81,15.4285714286,10.9428571429,26.8,10.25,35.2,21.4,37.0
1206,2005,36,36.98,300.05857142900004,301.214285714,294.005714286,309.3,293.4,4.2,71.9714285714,36.98,15.5185714286,13.7142857143,25.7666666667,12.2333333333,34.3,21.8,44.0
1207,2005,37,18.66,298.88,299.80714285700003,295.658571429,307.3,292.9,35.3,83.73,18.66,17.2228571429,9.92857142857,25.7666666667,12.2333333333,34.3,16.9,1.3
1208,2005,38,2.56,298.49857142900004,299.76428571400004,293.555714286,309.1,292.4,13.7,76.5957142857,2.56,15.06,11.7857142857,25.7666666667,12.2333333333,34.3,16.9,38.1
1209,2005,39,29.8,301.17571428599996,302.928571429,293.75285714299997,314.0,294.8,4.2,67.2128571429,29.8,15.331428571400002,14.828571428599998,28.65,13.5,37.1,20.7,80.8
1210,2005,40,54.7,299.11,300.25,293.897142857,312.7,292.1,4.6,74.9528571429,54.7,15.4357142857,12.357142857100001,28.8,14.9,36.3,21.0,80.8
1211,2005,41,60.0,299.515714286,300.857142857,294.385714286,313.2,293.2,22.2,75.50857142859999,60.0,15.9157142857,11.6857142857,28.5,11.8,37.0,22.3,233.2
1212,2005,42,73.97,299.578571429,301.19285714299997,295.768571429,310.5,291.9,35.08,81.69142857140001,73.97,17.4171428571,12.2428571429,29.1,12.7,36.5,21.7,64.0
1213,2005,43,100.06,298.065714286,299.164285714,295.802857143,307.4,294.0,59.7,89.14285714290001,100.06,17.3642857143,8.64285714286,28.3,10.95,34.3,21.3,235.2
1214,2005,44,59.15,299.458571429,301.478571429,296.805714286,308.6,294.9,49.85,87.23142857139999,59.15,18.55,10.7857142857,28.2333333333,10.3,34.3,21.8,102.1
1215,2005,45,75.36,298.6,300.078571429,296.36,309.4,292.9,143.8,89.31,75.36,17.974285714300002,9.7,27.6,10.15,34.6,22.3,8.9
1216,2005,46,49.87,298.31,300.092857143,296.895714286,307.2,295.0,45.0,93.1771428571,49.87,18.5828571429,8.55714285714,27.6,10.15,34.5,21.5,139.5
1217,2005,47,72.34,299.412857143,300.62857142900003,297.39428571400003,309.1,295.2,63.53,90.34857142860001,72.34,19.1942857143,8.91428571429,28.5,11.0,35.0,21.8,5.1
1218,2005,48,78.52,299.42,300.45,296.612857143,307.6,294.1,34.95,86.40857142860001,78.52,18.3042857143,9.72857142857,28.2666666667,11.4,34.3,21.7,77.9
1219,2005,49,60.5,299.217142857,300.707142857,296.657142857,308.4,295.4,71.8,87.7214285714,60.5,18.3642857143,9.1,28.1,12.5,34.8,21.5,54.1
1220,2005,50,46.91,298.57428571400004,300.257142857,297.187142857,307.0,295.4,46.9,92.9571428571,46.91,18.9457142857,8.2,28.1,11.55,34.0,22.3,6.0
1221,2005,51,151.0,298.021428571,299.37142857099997,297.19142857099996,304.4,295.5,113.36,95.6742857143,151.0,18.9157142857,6.485714285709999,28.3,9.9,33.6,22.9,81.1
1222,2006,52,114.58,298.18142857099997,299.578571429,296.935714286,306.5,294.9,210.5,93.82142857139999,114.58,18.5842857143,7.385714285710001,27.45,9.7,32.7,22.4,273.5
1223,2006,1,38.78,298.832857143,299.642857143,292.87857142900003,307.8,292.4,15.2,73.16142857140001,38.78,14.524285714300001,12.3142857143,27.78,11.0,34.5,19.7,70.1
1224,2006,2,138.46,298.728571429,300.3,296.37142857099997,307.7,293.5,47.6,88.33571428569999,138.46,18.1657142857,9.885714285710002,27.78,11.0,34.5,21.4,60.1
1225,2006,3,88.85,298.46,300.114285714,296.321428571,307.3,295.0,52.2,89.9557142857,88.85,17.9414285714,9.14285714286,27.3,8.95,33.8,21.5,54.8
1226,2006,4,49.32,297.18857142900004,298.292857143,295.777142857,304.8,294.4,52.2,93.11428571430001,49.32,17.3642857143,6.21428571429,27.3,8.95,33.5,22.3,250.9
1227,2006,5,34.17,297.16571428599997,298.221428571,296.647142857,302.7,294.3,63.98,97.32,34.17,18.2642857143,5.52857142857,28.0,8.8,33.7,21.5,118.9
1228,2006,6,71.87,297.64,298.37857142900003,296.80857142900004,304.2,294.0,67.0,95.82714285709999,71.87,18.4428571429,5.78571428571,28.0,8.8,32.6,23.6,101.1
1229,2006,7,44.35,297.064285714,298.142857143,295.364285714,305.2,292.8,33.0,91.09857142860001,44.35,16.9271428571,7.285714285710001,28.6,8.9,33.8,24.2,0.0
1230,2006,8,23.44,298.93857142900004,300.778571429,295.961428571,308.3,292.9,72.2,86.0314285714,23.44,17.6057142857,10.7857142857,28.24,10.64,34.3,21.3,0.3
1231,2006,9,79.13,298.25285714299997,299.87142857099997,296.76428571400004,306.9,295.1,50.38,92.6057142857,79.13,18.4014285714,8.02857142857,27.4333333333,9.566666666669999,32.9,21.9,26.9
1232,2006,10,94.99,297.92571428599996,299.107142857,297.207142857,304.0,294.7,130.6,96.36,94.99,18.9028571429,6.41428571429,28.0,9.55,33.3,21.9,93.0
1233,2006,11,121.69,297.93142857099997,299.007142857,296.581428571,305.3,294.5,58.83,93.3471428571,121.69,18.2,7.014285714289999,27.975,9.2,33.7,22.4,16.0
1234,2006,12,120.62,297.494285714,298.785714286,296.29571428599996,305.3,292.5,70.0,93.7871428571,120.62,17.911428571400002,7.34285714286,27.4,8.7,32.3,23.0,97.0
1235,2006,13,121.46,298.04,299.23571428599996,297.067142857,304.9,294.8,88.81,95.0242857143,121.46,18.7342857143,6.95714285714,28.3,10.0,33.7,22.0,53.9
1236,2006,14,41.68,297.77428571400003,299.44285714299997,296.047142857,308.3,293.8,87.9,91.8114285714,41.68,17.61,9.57142857143,27.9333333333,10.266666666699999,33.7,22.6,178.1
1237,2006,15,75.33,297.825714286,298.814285714,296.965714286,305.5,292.9,66.46,95.51,75.33,18.7142857143,7.42857142857,28.3,10.3,33.9,21.4,49.0
1238,2006,16,69.6,298.06142857099996,299.178571429,296.457142857,306.4,293.9,54.86,92.1114285714,69.6,18.0828571429,7.44285714286,27.4,8.35,32.8,22.5,11.9
1239,2006,17,74.93,296.85,297.707142857,295.051428571,305.3,291.7,39.6,90.86428571430001,74.93,16.5585714286,7.75714285714,27.0,8.46666666667,33.5,19.5,34.0
1240,2006,18,65.07,297.63,299.021428571,296.38428571400004,306.3,293.6,38.84,93.63571428569999,65.07,17.9628571429,8.41428571429,27.85,9.1,33.3,22.5,115.0
1241,2006,19,127.24,296.184285714,297.55714285700003,295.452857143,304.3,291.8,70.0,96.09857142860001,127.24,16.9771428571,6.62857142857,24.3,5.2,32.3,21.7,270.9
1242,2006,20,1.52,296.054285714,296.914285714,290.088571429,305.6,287.2,0.1,72.0342857143,1.52,12.111428571400001,12.371428571400001,25.2,11.7,31.7,19.4,2.0
1243,2006,21,91.4,297.992857143,299.114285714,293.777142857,307.7,288.8,12.47,80.38571428569999,91.4,15.46,10.885714285699999,27.4666666667,10.4333333333,34.0,21.7,83.0
1244,2006,22,79.48,295.987142857,297.171428571,294.55714285700003,304.1,291.3,44.65,92.5057142857,79.48,16.025714285699998,6.885714285710001,25.6,8.933333333330001,31.9,19.3,150.2
1245,2006,23,130.66,297.044285714,298.564285714,295.695714286,307.2,292.3,37.6,93.4757142857,130.66,17.1957142857,8.9,26.2,8.6,33.0,21.5,105.2
1246,2006,24,84.99,297.42714285700004,298.135714286,294.75,307.2,290.3,21.5,87.2142857143,84.99,16.2585714286,10.0714285714,28.1,12.7,34.4,21.4,79.5
1247,2006,25,71.69,296.724285714,297.978571429,294.275714286,306.3,289.5,27.29,88.4714285714,71.69,15.8014285714,10.7857142857,26.6,10.35,32.5,20.4,74.9
1248,2006,26,17.21,296.851428571,297.614285714,293.517142857,307.2,289.2,9.16,83.4671428571,17.21,15.02,10.7428571429,27.2,10.3,33.4,19.8,21.9
1249,2006,27,20.72,296.448571429,297.914285714,294.592857143,304.8,292.6,13.62,90.4328571429,20.72,16.005714285699998,7.97142857143,26.7,9.4,33.0,21.7,110.6
1250,2006,28,1.17,297.62142857099997,298.857142857,292.832857143,306.7,292.1,1.8,77.27142857140001,1.17,14.4171428571,11.4285714286,26.25,10.4,33.1,20.6,0.5
1251,2006,29,54.72,297.397142857,299.085714286,294.258571429,307.3,291.8,40.0,85.14,54.72,15.7885714286,11.0,27.4,12.125,34.1,19.9,47.0
1252,2006,30,28.66,297.504285714,298.742857143,293.26,307.7,289.7,15.4,79.7428571429,28.66,14.88,11.7142857143,26.6,11.04,32.6,18.5,11.4
1253,2006,31,44.96,297.51,299.342857143,295.2,308.4,292.7,38.07,88.7071428571,44.96,16.7071428571,11.228571428599999,27.225,11.625,34.2,19.7,4.0
1254,2006,32,11.79,297.5,299.51428571400004,293.08,308.9,291.0,12.39,79.2428571429,11.79,14.6314285714,12.228571428599999,27.6,12.2,33.9,19.4,26.6
1255,2006,33,47.74,298.648571429,300.635714286,295.54571428599996,307.9,294.6,22.19,84.62,47.74,17.0657142857,10.2714285714,27.6666666667,10.4333333333,33.3,20.9,75.5
1256,2006,34,68.6,298.73571428599996,299.73571428599996,295.14428571400003,308.7,292.5,23.6,83.0471428571,68.6,16.6914285714,11.271428571400001,27.3,10.3,34.9,20.9,71.1
1257,2006,35,68.0,298.28,299.9,295.272857143,310.0,293.1,22.24,85.3728571429,68.0,16.7771428571,11.171428571400002,26.5,10.0333333333,33.2,20.3,176.0
1258,2006,36,90.33,299.265714286,300.35,293.902857143,310.3,290.2,9.4,75.53,90.33,15.457142857100001,13.728571428599999,27.42,12.0,34.1,20.6,15.3
1259,2006,37,111.87,297.802857143,299.164285714,293.037142857,308.7,291.9,16.4,77.2542857143,111.87,14.642857142899999,11.328571428599998,28.35,11.85,35.0,17.8,0.5
1260,2006,38,82.2,299.34,300.857142857,294.35,311.2,291.5,35.7,77.5142857143,82.2,15.91,13.7428571429,27.9333333333,10.933333333299998,34.8,21.4,93.9
1261,2006,39,134.64,299.38142857099996,300.685714286,295.738571429,308.6,294.3,44.62,82.8457142857,134.64,17.2542857143,11.2857142857,28.5666666667,12.4,35.2,22.0,63.0
1262,2006,40,60.48,299.465714286,300.435714286,295.16,310.3,292.0,24.8,80.49,60.48,16.7385714286,12.7857142857,28.7,14.5,35.9,21.1,68.9
1263,2006,41,41.69,299.345714286,301.028571429,296.75142857099996,309.5,293.8,29.5,86.8528571429,41.69,18.4471428571,12.0571428571,28.06,10.1,33.7,22.1,162.6
1264,2006,42,103.77,299.648571429,301.01428571400004,297.76428571400004,308.1,295.7,55.5,90.37857142860001,103.77,19.595714285699998,8.57142857143,28.6,10.1,35.4,22.8,8.1
1265,2006,43,55.94,298.794285714,300.414285714,296.661428571,308.3,294.0,54.8,89.7,55.94,18.3114285714,9.34285714286,27.56,10.42,33.8,19.8,143.3
1266,2006,44,67.5,300.467142857,301.87857142900003,296.88285714299997,309.8,295.1,42.73,82.9342857143,67.5,18.63,11.614285714300001,28.8333333333,11.2666666667,35.7,22.0,14.0
1267,2006,45,80.25,299.432857143,300.914285714,297.852857143,307.8,295.3,68.0,92.0885714286,80.25,19.731428571400002,8.2,28.25,9.55,33.9,22.4,108.7
1268,2006,46,86.65,297.29571428599996,298.435714286,296.201428571,304.5,293.5,87.2,94.44,86.65,17.7914285714,7.3571428571399995,27.6,10.1666666667,33.2,21.8,85.6
1269,2006,47,43.59,298.098571429,299.55714285700003,296.961428571,307.3,294.7,61.43,94.30285714290001,43.59,18.6385714286,7.37142857143,27.0,9.0,32.3,22.5,205.3
1270,2006,48,75.33,299.197142857,300.935714286,296.988571429,309.1,294.0,61.28,89.55,75.33,18.744285714300002,10.7571428571,27.9,9.03333333333,34.9,22.9,115.1
1271,2006,49,99.89,298.202857143,299.2,297.608571429,304.6,294.6,95.02,96.7957142857,99.89,19.4257142857,6.914285714289999,28.4,8.8,33.7,23.2,10.9
1272,2006,50,157.75,298.158571429,299.071428571,297.351428571,304.4,294.2,63.0,95.8757142857,157.75,19.1114285714,6.4,26.6,7.95,33.8,23.5,133.4
1273,2006,51,111.48,297.68,298.98571428599996,296.72571428599997,306.7,294.3,80.2,95.0785714286,111.48,18.358571428599998,6.54285714286,26.6,7.95,32.9,23.5,133.4
1274,2007,1,79.94,297.288571429,298.207142857,296.517142857,306.3,293.2,88.9,95.9271428571,79.94,18.1442857143,7.414285714289999,26.6,7.95,31.9,21.5,133.4
1275,2007,2,37.06,297.104285714,298.578571429,296.388571429,304.6,294.6,144.59,96.23857142860001,37.06,17.9628571429,6.72857142857,26.825,7.725,31.7,22.9,61.5
1276,2007,3,126.89,297.387142857,298.435714286,296.388571429,305.5,293.3,52.2,94.6471428571,126.89,17.9757142857,7.04285714286,27.775,9.55,33.4,22.2,178.0
1277,2007,4,95.47,297.614285714,298.45,297.025714286,303.7,294.9,180.99,96.99714285709999,95.47,18.6885714286,5.52857142857,27.7,9.12,33.6,22.0,149.9
1278,2007,5,83.7,298.14428571400003,299.614285714,296.77428571400003,307.8,294.3,65.1,93.13571428569999,83.7,18.4142857143,9.0,27.725,10.3,35.0,22.3,60.3
1279,2007,6,61.8,298.33,299.685714286,295.77,309.7,293.4,11.7,87.53,61.8,17.3228571429,10.714285714299999,28.6,10.9,35.4,22.4,9.9
1280,2007,7,14.19,299.171428571,300.285714286,294.15,308.7,291.4,2.1,75.80428571430001,14.19,15.6857142857,11.228571428599999,28.85,13.0333333333,36.7,21.4,61.3
1281,2007,8,25.7,300.565714286,302.178571429,294.16571428599997,310.2,294.4,11.55,72.44571428569999,25.7,15.918571428599998,13.1857142857,28.74,13.36,36.2,21.2,0.0
1282,2007,9,55.56,299.05857142900004,300.635714286,294.29,309.2,291.5,35.33,78.58571428569999,55.56,16.02,11.5571428571,28.56,13.34,35.8,20.4,28.0
1283,2007,10,117.07,297.45,298.714285714,296.317142857,305.8,293.4,227.25,94.34857142860001,117.07,17.911428571400002,7.37142857143,27.3,9.9,33.0,21.9,205.3
1284,2007,11,55.47,296.951428571,298.1,296.301428571,303.8,293.8,51.3,96.52285714290001,55.47,17.8814285714,6.11428571429,28.0,10.1,33.1,21.7,138.0
1285,2007,12,150.33,297.684285714,298.728571429,295.89,305.4,292.6,59.2,90.8585714286,150.33,17.47,8.17142857143,27.0,10.65,33.9,21.7,252.7
1286,2007,13,93.14,297.835714286,299.15,296.56,307.2,292.8,58.4,93.58571428569999,93.14,18.2142857143,8.24285714286,28.25,9.6,34.6,21.5,66.1
1287,2007,14,97.04,297.717142857,298.80714285700003,296.921428571,305.5,294.3,238.2,95.82,97.04,18.5942857143,6.61428571429,27.2666666667,8.833333333330001,34.0,22.6,94.3
1288,2007,15,98.94,297.555714286,298.592857143,296.68857142900004,304.1,292.4,147.57,95.52714285709999,98.94,18.3285714286,6.72857142857,27.85,8.85,34.4,21.3,60.4
1289,2007,16,93.62,297.031428571,298.092857143,296.01428571400004,304.8,292.0,46.45,94.7214285714,93.62,17.551428571400002,7.52857142857,27.4,9.5,33.5,22.1,97.1
1290,2007,17,157.86,297.342857143,298.278571429,296.50285714299997,304.9,292.9,62.3,95.52571428569999,157.86,18.1042857143,7.3,27.0333333333,7.766666666669999,34.1,22.0,261.7
1291,2007,18,103.39,297.22571428599997,298.071428571,295.94285714299997,304.7,293.6,47.24,93.47,103.39,17.5171428571,7.37142857143,27.85,9.75,33.0,21.0,118.2
1292,2007,19,89.15,296.905714286,298.221428571,295.994285714,306.6,291.7,56.1,95.0371428571,89.15,17.6114285714,9.35714285714,28.1,9.2,33.5,21.5,38.1
1293,2007,20,45.23,295.595714286,296.5,294.012857143,304.4,290.7,86.9,91.83285714290001,45.23,15.648571428599999,8.31428571429,28.1,8.7,32.5,19.0,191.4
1294,2007,21,64.11,297.232857143,298.707142857,296.168571429,307.3,292.5,65.6,94.8528571429,64.11,17.7185714286,8.95714285714,28.25,10.55,33.8,21.7,86.6
1295,2007,22,76.68,296.178571429,297.185714286,294.038571429,306.8,286.9,29.1,89.28,76.68,15.74,10.2,24.7,10.633333333300001,32.8,17.5,61.8
1296,2007,23,39.11,296.861428571,298.242857143,295.23,305.2,292.1,33.48,91.72,39.11,16.7271428571,9.0,26.5,9.7,31.3,20.4,0.5
1297,2007,24,54.78,296.65,298.171428571,294.928571429,304.8,290.3,30.9,91.45857142860001,54.78,16.3885714286,9.91428571429,26.6,9.65,32.6,20.7,12.9
1298,2007,25,78.83,296.11857142900004,297.385714286,294.971428571,304.4,292.8,70.3,94.0657142857,78.83,16.4228571429,6.885714285710001,25.9666666667,7.6,32.0,21.2,126.0
1299,2007,26,11.41,296.571428571,298.01428571400004,295.178571429,305.0,292.7,22.8,92.6714285714,11.41,16.6314285714,8.77142857143,26.5666666667,8.63333333333,31.7,20.7,10.2
1300,2007,27,1.59,296.828571429,298.114285714,292.17714285700004,305.8,290.2,1.4,78.0742857143,1.59,13.8042857143,12.228571428599999,25.9,10.5666666667,32.0,19.6,54.1
1301,2007,28,18.78,297.385714286,299.007142857,293.93142857099997,306.9,290.7,13.04,83.3871428571,18.78,15.4157142857,10.871428571400001,26.75,10.375,32.7,19.9,54.1
1302,2007,29,26.29,296.05857142900004,296.75,294.94142857099996,303.6,291.1,39.52,94.24714285709999,26.29,16.391428571400002,7.72857142857,26.5333333333,7.833333333330001,31.3,20.9,22.9
1303,2007,30,27.91,297.64,299.078571429,294.345714286,308.2,290.1,11.64,84.1557142857,27.91,15.8457142857,12.357142857100001,27.35,10.1,33.2,20.7,11.9
1304,2007,31,70.88,296.724285714,297.935714286,293.0,305.6,290.0,25.5,82.5714285714,70.88,14.718571428599999,11.5,24.25,9.75,34.0,16.4,55.9
1305,2007,32,35.77,297.82,299.342857143,292.708571429,308.2,289.7,6.08,76.61857142859999,35.77,14.3371428571,12.771428571400001,26.475,12.0,32.7,17.2,30.3
1306,2007,33,36.78,298.091428571,298.94285714299997,294.07285714299996,308.0,291.8,9.21,80.9357142857,36.78,15.565714285699999,9.71428571429,26.9,11.0,33.1,21.3,76.5
1307,2007,34,9.06,298.785714286,300.671428571,294.195714286,308.1,294.3,12.4,79.33428571430001,9.06,15.7571428571,11.5714285714,27.125,10.825,33.3,19.9,22.1
1308,2007,35,30.26,300.667142857,301.592857143,293.124285714,312.4,293.4,12.8,67.7571428571,30.26,14.7942857143,13.385714285699999,27.05,12.175,34.7,19.9,0.0
1309,2007,36,76.28,297.098571429,298.357142857,295.682857143,304.4,293.5,56.85,92.65714285709998,76.28,17.182857142899998,7.885714285710001,26.3,7.9,34.0,20.9,37.1
1310,2007,37,49.85,298.56,300.12142857099997,295.162857143,308.6,293.0,26.2,84.4128571429,49.85,16.65,12.1571428571,26.9,10.625,32.9,21.4,150.9
1311,2007,38,58.22,298.508571429,300.714285714,295.83428571400003,309.2,293.3,34.27,86.7071428571,58.22,17.3671428571,12.4,27.2,10.833333333299999,33.0,21.6,16.3
1312,2007,39,59.79,299.698571429,301.428571429,295.3,310.6,292.7,10.3,78.5642857143,59.79,16.8042857143,13.8,27.8333333333,11.7,34.1,21.1,34.0
1313,2007,40,37.28,298.281428571,299.821428571,296.287142857,310.8,294.7,73.33,89.8442857143,37.28,17.84,9.1,28.4,12.65,35.5,21.6,107.9
1314,2007,41,39.09,299.575714286,301.385714286,295.447142857,309.6,294.8,38.28,80.45,39.09,17.01,11.6,28.4,10.6,34.2,21.8,145.1
1315,2007,42,74.52,299.444285714,300.828571429,296.587142857,310.2,295.0,86.4,86.7057142857,74.52,18.2657142857,9.82857142857,29.0,12.3,35.2,21.9,4.1
1316,2007,43,106.73,296.971428571,298.19285714299997,295.96,305.1,291.9,67.93,94.7814285714,106.73,17.5428571429,7.75714285714,26.9,9.36666666667,32.1,20.9,79.3
1317,2007,44,51.28,297.83,299.664285714,296.978571429,306.3,293.7,67.47,95.59285714290002,51.28,18.6728571429,9.35714285714,27.0,9.36666666667,34.0,21.6,0.0
1318,2007,45,69.88,299.478571429,300.55714285700003,296.24857142900004,308.5,294.3,50.6,84.85,69.88,17.9785714286,9.485714285710001,28.7,11.433333333299998,34.8,22.5,22.1
1319,2007,46,109.5,298.13428571400004,299.742857143,296.83,308.6,294.6,103.3,93.55428571430001,109.5,18.5485714286,8.68571428571,27.675,10.85,33.5,21.6,111.3
1320,2007,47,52.27,297.68142857099997,298.37142857099997,296.93857142900004,305.7,294.3,124.2,96.2142857143,52.27,18.6128571429,5.74285714286,26.62,7.86,33.3,21.8,80.0
1321,2007,48,129.33,297.88,299.328571429,297.217142857,305.2,294.4,65.57,96.52285714290001,129.33,18.9242857143,6.94285714286,27.125,8.35,32.3,22.4,293.1
1322,2007,49,73.16,298.52,299.607142857,296.904285714,305.5,294.3,57.8,91.6542857143,73.16,18.6071428571,8.3,27.9,10.0,33.0,22.8,142.0
1323,2007,50,83.39,299.048571429,300.271428571,296.261428571,307.8,294.3,42.68,86.7557142857,83.39,17.91,9.91428571429,28.85,10.25,34.2,22.6,23.1
1324,2007,51,146.13,297.141428571,298.242857143,296.397142857,306.6,293.3,89.72,96.0742857143,146.13,18.0342857143,5.68571428571,27.625,9.0,32.9,22.4,261.3
1325,2007,52,53.57,297.64,298.728571429,296.36857142900004,304.9,294.3,62.14,93.4685714286,53.57,17.9828571429,7.42857142857,27.7,8.75,32.1,21.7,28.1
1326,2008,1,19.95,299.277142857,300.535714286,294.668571429,308.2,294.1,21.4,78.67,19.95,16.26,10.7285714286,28.275,11.575,36.0,21.5,104.4
1327,2008,2,71.84,296.095714286,296.535714286,295.2,302.1,293.3,62.61,95.28,71.84,16.6814285714,5.1,25.8,6.3,31.4,22.6,104.4
1328,2008,3,95.97,298.034285714,299.478571429,297.09,305.5,292.4,63.92,94.9685714286,95.97,18.8657142857,8.58571428571,27.4333333333,9.46666666667,33.8,21.8,125.3
1329,2008,4,102.59,297.207142857,298.342857143,296.25,304.8,294.8,93.43,95.1257142857,102.59,17.84,5.97142857143,27.5666666667,8.9,31.3,21.9,46.3
1330,2008,5,110.0,298.398571429,299.971428571,297.011428571,307.6,294.2,66.0,93.0,110.0,18.685714285699998,9.08571428571,27.5666666667,8.9,32.2,22.8,121.2
1331,2008,6,38.72,299.49,300.76428571400004,294.62857142900003,308.4,293.5,28.0,78.13142857140001,38.72,16.2842857143,11.5571428571,27.866666666700002,11.1,34.5,20.5,5.1
1332,2008,7,47.23,297.77,299.171428571,296.922857143,306.0,294.8,103.22,95.7071428571,47.23,18.5571428571,6.71428571429,26.6,8.03333333333,31.7,22.1,9.2
1333,2008,8,122.64,297.095714286,298.321428571,295.608571429,304.1,292.9,33.9,92.37,122.64,17.13,7.614285714289999,28.0,10.8,33.4,22.0,115.3
1334,2008,9,101.33,296.964285714,297.721428571,296.38142857099996,302.3,294.1,70.83,96.9271428571,101.33,17.9471428571,5.41428571429,26.85,8.35,32.5,22.5,127.6
1335,2008,10,210.83,297.754285714,299.335714286,295.52,307.9,293.3,39.1,88.97285714290001,210.83,17.064285714300002,8.95714285714,27.18,8.88,33.3,21.9,119.6
1336,2008,11,96.05,298.017142857,299.592857143,295.9,305.5,293.0,32.17,89.26857142860001,96.05,17.505714285699998,9.014285714289999,26.25,7.8,33.2,22.2,64.4
1337,2008,12,91.87,296.755714286,297.992857143,295.47571428599997,305.0,293.3,90.5,93.45142857139999,91.87,16.997142857100002,7.214285714289999,26.9,8.26666666667,31.7,22.0,100.9
1338,2008,13,62.13,297.094285714,297.992857143,295.948571429,303.7,293.1,53.36,94.0742857143,62.13,17.5071428571,6.55714285714,26.9,8.26666666667,31.7,22.6,282.7
1339,2008,14,107.0,297.694285714,298.842857143,295.854285714,305.4,293.7,24.9,90.9571428571,107.0,17.4214285714,8.6,27.866666666700002,9.0,33.4,22.5,21.1
1340,2008,15,71.45,297.537142857,298.9,296.63285714299997,306.1,292.8,99.96,95.15714285709998,71.45,18.3157142857,7.4,28.3,9.0,32.8,21.0,53.1
1341,2008,16,79.74,297.447142857,298.664285714,295.935714286,305.5,293.8,45.96,92.1242857143,79.74,17.5042857143,7.785714285710001,26.8,8.1,33.6,21.7,61.0
1342,2008,17,42.05,296.76,297.414285714,296.38285714299997,301.9,293.7,62.52,97.9714285714,42.05,17.9642857143,4.88571428571,26.65,7.7,33.0,21.6,85.9
1343,2008,18,42.12,298.07285714299996,299.414285714,296.741428571,306.3,293.1,115.99,93.66285714290001,42.12,18.3985714286,8.68571428571,27.866666666700002,8.0,32.5,22.7,31.2
1344,2008,19,50.5,295.97571428599997,296.87142857099997,294.66571428599997,304.5,290.6,47.1,93.15857142860001,50.5,16.18,6.97142857143,26.6,8.96666666667,32.4,20.6,18.0
1345,2008,20,30.08,294.85,295.421428571,293.244285714,304.4,288.5,18.08,91.5042857143,30.08,14.78,7.385714285710001,26.1666666667,7.9,31.0,18.0,6.1
1346,2008,21,45.69,296.268571429,296.935714286,295.638571429,303.4,291.7,59.4,96.62142857139999,45.69,17.1442857143,5.95714285714,26.35,8.85,31.5,21.4,58.2
1347,2008,22,72.04,296.741428571,297.69285714299997,295.994285714,304.1,293.8,134.66,96.02571428569999,72.04,17.52,5.75714285714,27.2,9.2,32.3,21.7,76.1
1348,2008,23,30.09,296.4,297.357142857,295.21,304.4,292.2,73.01,93.9828571429,30.09,16.711428571400003,6.77142857143,26.9,7.55,31.1,20.4,13.6
1349,2008,24,13.27,296.187142857,297.364285714,293.891428571,305.8,288.2,12.9,88.81,13.27,15.375714285699999,9.3,26.6,9.775,32.4,17.8,6.4
1350,2008,25,111.18,296.742857143,297.65,295.934285714,304.4,293.8,57.87,95.86,111.18,17.4471428571,6.95714285714,26.6,9.775,32.4,21.0,79.8
1351,2008,26,89.88,296.458571429,297.25,295.19285714299997,304.8,291.2,61.8,93.7957142857,89.88,16.7128571429,7.385714285710001,26.6,9.775,32.4,18.0,93.5
1352,2008,27,0.0,296.542857143,297.80714285700003,293.83,304.9,290.7,9.4,86.5242857143,0.0,15.2857142857,9.44285714286,26.6,9.775,32.4,20.8,1.3
1353,2008,28,0.0,296.54571428599996,297.478571429,293.594285714,305.9,290.5,7.47,85.6557142857,0.0,15.08,9.27142857143,26.6,9.775,32.4,21.0,0.0
1354,2008,29,62.84,296.078571429,297.407142857,294.69142857099996,304.6,291.8,27.33,93.05571428569999,62.84,16.1428571429,8.44285714286,26.6,9.775,32.4,21.0,44.2
1355,2008,30,52.36,296.54571428599996,297.314285714,295.00285714299997,306.8,287.8,47.59,92.77714285709999,52.36,16.5828571429,8.6,26.6,9.775,32.4,20.8,18.1
1356,2008,31,44.63,297.044285714,298.5,295.37,307.5,292.9,39.0,92.04857142860001,44.63,16.8728571429,9.77142857143,26.68,11.24,33.4,20.6,36.4
1357,2008,32,32.45,297.31,298.571428571,295.505714286,307.4,292.6,143.35,91.09285714290002,32.45,17.0571428571,9.74285714286,27.4,12.1,34.2,18.5,18.1
1358,2008,33,26.03,297.214285714,298.5,295.347142857,305.6,292.7,39.69,90.72714285709999,26.03,16.8471428571,9.34285714286,27.9,11.225,34.8,19.8,11.0
1359,2008,34,12.88,299.228571429,300.30714285700003,294.418571429,310.2,291.8,33.0,78.2771428571,12.88,15.998571428599998,13.5571428571,28.0,14.075,38.6,19.2,7.9
1360,2008,35,58.2,298.57428571400004,300.142857143,295.092857143,310.4,292.7,37.0,84.49142857140001,58.2,16.6528571429,10.7428571429,27.8333333333,12.5333333333,35.1,20.4,44.0
1361,2008,36,34.59,298.531428571,300.071428571,294.861428571,309.3,293.2,29.0,83.05,34.59,16.4657142857,10.6571428571,27.35,13.225,36.2,20.4,8.1
1362,2008,37,86.14,296.921428571,298.242857143,295.484285714,305.9,293.4,59.1,92.6528571429,86.14,17.03,7.685714285710001,27.9666666667,12.583333333299999,36.2,20.8,16.5
1363,2008,38,65.43,297.588571429,298.428571429,295.30714285700003,306.7,292.1,53.5,88.52571428569999,65.43,16.8185714286,8.57142857143,27.8,11.6,35.6,20.7,50.1
1364,2008,39,61.38,297.66,298.62142857099997,295.49,309.3,292.7,63.27,90.18142857139999,61.38,17.0471428571,8.15714285714,27.75,12.45,37.0,20.8,26.9
1365,2008,40,24.28,299.178571429,301.15,294.761428571,310.2,292.4,121.3,79.5028571429,24.28,16.3314285714,12.7857142857,30.0333333333,13.9666666667,36.0,19.6,1.0
1366,2008,41,69.47,300.101428571,301.407142857,295.361428571,310.4,294.0,53.9,78.4542857143,69.47,17.018571428599998,12.014285714300001,30.0333333333,13.9666666667,37.0,21.5,57.7
1367,2008,42,69.39,298.35,299.9,295.91571428599997,310.5,292.7,67.9,88.85714285709999,69.39,17.5271428571,9.97142857143,26.45,9.1,34.7,21.0,24.9
1368,2008,43,52.65,297.86714285700003,298.98571428599996,296.701428571,305.0,292.7,111.9,93.8542857143,52.65,18.3885714286,8.71428571429,27.3333333333,10.0666666667,35.5,21.5,24.2
1369,2008,44,43.6,298.372857143,299.8,296.825714286,308.5,294.0,149.1,92.6085714286,43.6,18.4842857143,8.57142857143,27.4,11.35,35.0,21.2,0.0
1370,2008,45,57.85,298.464285714,299.528571429,297.468571429,307.2,293.1,107.48,95.29,57.85,19.252857142899998,7.085714285710001,27.82,12.1,35.6,21.2,109.0
1371,2008,46,60.36,298.49857142900004,300.221428571,296.01,309.6,293.7,63.9,88.3285714286,60.36,17.6257142857,10.0142857143,28.3,12.8666666667,36.0,20.5,42.6
1372,2008,47,59.44,298.89,300.30714285700003,297.741428571,307.2,295.2,199.52,94.1414285714,59.44,19.6171428571,7.814285714289999,27.9666666667,12.1,34.5,21.7,10.6
1373,2008,48,81.11,298.53,299.721428571,297.577142857,306.1,294.7,90.68,95.26,81.11,19.3885714286,7.1,26.1,8.35,33.5,21.0,59.0
1374,2008,49,45.03,298.111428571,299.12857142900003,297.044285714,305.2,293.4,139.55,94.64,45.03,18.7785714286,7.1428571428600005,26.96,10.64,33.7,21.0,80.0
1375,2008,50,64.03,298.651428571,300.214285714,296.182857143,308.9,295.1,53.25,88.5514285714,64.03,17.7842857143,9.2,27.8,11.175,35.0,21.2,17.2
1376,2008,51,70.92,298.528571429,300.257142857,296.847142857,306.3,295.2,57.61,91.77714285709999,70.92,18.5728571429,9.05714285714,27.825,12.15,35.0,20.5,51.0
1377,2008,52,55.11,299.55714285700003,300.771428571,295.594285714,308.3,293.9,41.6,81.86857142859999,55.11,17.2485714286,10.3428571429,28.08,12.02,35.4,21.2,0.5
1378,2009,1,52.28,297.72571428599997,299.007142857,296.784285714,304.6,294.2,93.55,95.22285714290001,52.28,18.461428571400003,7.5,27.2666666667,11.1,34.8,21.1,86.1
1379,2009,2,52.28,297.72571428599997,299.007142857,296.784285714,304.6,294.2,93.55,95.22285714290001,52.28,18.461428571400003,7.5,27.2666666667,11.1,34.8,21.1,86.1
1380,2009,3,72.03,296.682857143,297.414285714,296.418571429,304.0,295.2,149.77,98.61,72.03,17.9957142857,3.7142857142900003,27.18,10.24,33.3,21.1,72.8
1381,2009,4,76.16,296.55,297.51428571400004,295.137142857,303.5,292.7,53.81,92.46714285709999,76.16,16.641428571400002,6.485714285709999,27.5666666667,10.7,34.0,21.8,11.2
1382,2009,5,118.54,297.495714286,298.8,296.51428571400004,304.4,294.0,66.1,94.92857142860001,118.54,18.13,8.14285714286,27.65,11.65,33.9,21.1,67.8
1383,2009,6,149.06,297.405714286,298.19285714299997,296.84,302.7,294.5,93.3,97.00714285709999,149.06,18.4842857143,5.18571428571,27.4666666667,12.333333333299999,35.0,21.0,44.1
1384,2009,7,60.51,297.32285714299996,298.471428571,296.194285714,305.7,292.9,48.72,94.2342857143,60.51,17.7657142857,7.17142857143,28.1,12.333333333299999,35.0,21.2,14.0
1385,2009,8,124.8,297.685714286,299.01428571400004,296.254285714,306.7,294.2,124.0,92.9057142857,124.8,17.8528571429,6.82857142857,27.7,12.54,35.0,20.5,111.4
1386,2009,9,147.44,297.391428571,298.864285714,296.494285714,306.6,294.3,102.72,95.12142857139999,147.44,18.128571428599997,7.07142857143,26.58,10.52,33.2,20.5,84.1
1387,2009,10,58.56,297.844285714,299.0,296.71,304.6,294.5,87.28,94.37857142860001,58.56,18.3542857143,6.8,28.4,11.45,35.0,21.0,49.1
1388,2009,11,97.8,297.05857142900004,298.01428571400004,296.715714286,304.0,293.6,108.83,98.1342857143,97.8,18.3528571429,6.02857142857,27.3,11.8,33.8,21.0,0.0
1389,2009,12,106.68,297.36571428599996,298.25,296.5,304.6,293.6,66.83,95.70857142860001,106.68,18.1057142857,6.18571428571,27.8,10.5,33.7,21.0,14.3
1390,2009,13,100.78,297.152857143,298.321428571,296.184285714,303.3,294.6,49.93,94.9028571429,100.78,17.78,6.3571428571399995,28.5,11.5,34.4,21.5,45.0
1391,2009,14,131.17,297.245714286,298.385714286,296.54571428599996,304.5,294.1,63.3,96.3957142857,131.17,18.1757142857,6.74285714286,27.95,10.9,34.2,21.7,19.0
1392,2009,15,133.47,297.89,298.9,295.804285714,306.8,293.1,50.64,89.67285714290001,133.47,17.42,9.02857142857,27.133333333299998,10.8666666667,35.0,21.0,134.9
1393,2009,16,99.77,296.635714286,297.62142857099997,296.135714286,304.7,292.6,74.5,97.3,99.77,17.7042857143,6.38571428571,26.9,10.833333333299999,33.0,21.2,87.3
1394,2009,17,52.74,297.54571428599996,298.278571429,296.887142857,303.6,294.9,62.74,96.66428571430001,52.74,18.5042857143,4.985714285709999,26.8,8.7,34.4,21.2,41.2
1395,2009,18,99.89,297.404285714,298.321428571,296.448571429,303.6,294.3,93.8,95.0785714286,99.89,18.018571428599998,6.27142857143,27.15,10.75,34.0,21.0,30.8
1396,2009,19,30.73,297.562857143,298.542857143,296.484285714,306.8,292.9,59.5,95.1,30.73,18.09,7.1428571428600005,28.1,10.5,35.0,22.0,44.0
1397,2009,20,38.51,297.607142857,299.007142857,296.271428571,306.5,292.7,46.43,93.29857142860001,38.51,17.858571428599998,9.07142857143,28.075,11.425,35.0,22.0,11.2
1398,2009,21,66.46,297.724285714,299.521428571,296.012857143,307.1,293.4,39.89,91.79,66.46,17.5857142857,10.0714285714,28.35,11.45,34.6,21.4,50.5
1399,2009,22,40.04,296.70428571400004,297.521428571,296.26428571400004,305.1,292.7,73.0,97.74285714290001,40.04,17.83,5.61428571429,27.6,10.266666666699999,34.4,21.0,19.3
1400,2009,23,42.22,296.125714286,296.778571429,295.267142857,302.5,292.8,53.91,95.50714285709999,42.22,16.7571428571,6.07142857143,28.1,11.8,34.0,22.2,23.9
1401,2009,24,8.74,295.104285714,295.778571429,293.91,305.2,289.9,112.31,94.13,8.74,15.4828571429,6.24285714286,24.6666666667,8.63333333333,33.5,20.0,23.9
1402,2009,25,43.32,296.031428571,297.314285714,294.862857143,305.2,292.0,45.97,93.9714285714,43.32,16.3628571429,7.714285714289999,27.05,10.9,33.5,19.4,21.0
1403,2009,26,141.65,297.217142857,298.521428571,296.11,305.6,293.2,66.41,94.55571428569999,141.65,17.6671428571,8.64285714286,27.375,11.125,33.4,21.2,40.6
1404,2009,27,68.15,296.452857143,297.821428571,295.357142857,304.6,292.3,55.5,94.53857142860001,68.15,16.8742857143,8.64285714286,27.45,10.7,33.4,21.4,14.0
1405,2009,28,91.4,296.065714286,296.992857143,295.167142857,306.2,291.4,39.67,95.38571428569999,91.4,16.68,8.12857142857,27.6,10.7666666667,33.4,21.6,2.0
1406,2009,29,65.19,296.527142857,297.664285714,295.411428571,306.8,292.7,40.1,94.6242857143,65.19,16.92,7.27142857143,26.825,10.425,34.5,21.3,38.9
1407,2009,30,35.82,296.525714286,297.964285714,294.052857143,306.7,292.3,12.93,88.23,35.82,15.51,9.52857142857,26.95,10.25,32.2,21.0,20.4
1408,2009,31,51.77,297.087142857,298.23571428599996,295.04571428599996,307.9,290.4,39.3,89.9714285714,51.77,16.6028571429,9.75714285714,27.0,11.5,33.5,20.5,32.0
1409,2009,32,9.79,297.37,298.87857142900003,294.82428571400004,307.9,290.7,34.4,87.8114285714,9.79,16.3371428571,11.7571428571,27.975,12.1,35.4,20.5,20.1
1410,2009,33,35.23,298.357142857,299.98571428599996,295.507142857,308.2,292.2,43.2,87.11,35.23,17.04,11.3428571429,27.7,11.5,33.4,21.0,20.1
1411,2009,34,6.52,298.67714285700004,300.107142857,294.708571429,309.3,293.0,25.3,80.64,6.52,16.2285714286,10.9285714286,28.32,12.86,36.2,21.2,1.0
1412,2009,35,95.83,298.99714285700003,300.921428571,296.444285714,310.4,293.4,45.34,88.1771428571,95.83,18.1228571429,11.7857142857,29.0,13.0,36.2,22.0,27.2
1413,2009,36,83.02,297.388571429,298.45,296.388571429,305.0,293.5,78.37,94.99285714290001,83.02,17.9885714286,7.6428571428600005,27.6,13.2,34.2,21.0,47.5
1414,2009,37,13.74,299.85571428599997,300.75,294.314285714,310.0,291.8,9.3,75.2328571429,13.74,15.8657142857,13.042857142899999,29.1666666667,14.1333333333,37.4,21.4,6.1
1415,2009,38,40.17,299.47,300.814285714,294.61857142900004,310.0,293.5,23.01,78.11857142859999,40.17,16.2028571429,11.6,28.85,12.75,37.2,20.4,0.8
1416,2009,39,78.68,299.32428571400004,301.028571429,295.827142857,309.8,293.7,33.0,83.7628571429,78.68,17.38,11.0,28.866666666700002,13.3,37.0,21.0,8.1
1417,2009,40,57.18,298.034285714,299.571428571,296.344285714,307.4,294.8,79.1,91.5757142857,57.18,17.9471428571,8.514285714289999,27.95,12.225,35.2,20.5,33.1
1418,2009,41,20.58,298.707142857,300.12857142900003,296.56142857099996,308.3,294.3,43.94,89.31,20.58,18.1342857143,9.28571428571,27.64,11.66,34.8,21.0,29.4
1419,2009,42,30.49,299.737142857,301.0,295.35,311.3,293.8,18.1,79.2228571429,30.49,16.8957142857,11.885714285699999,27.75,10.65,34.2,21.2,11.2
1420,2009,43,82.59,298.85571428599997,300.285714286,296.918571429,307.2,294.1,67.4,90.65714285709998,82.59,18.661428571400002,8.57142857143,27.7333333333,12.2,35.3,21.0,137.1
1421,2009,44,77.38,298.678571429,300.071428571,297.44285714299997,310.8,294.9,84.54,93.8085714286,77.38,19.2542857143,8.34285714286,27.8,11.32,35.2,21.0,11.2
1422,2009,45,45.79,299.161428571,300.478571429,297.14,309.7,292.2,47.31,90.3728571429,45.79,18.9371428571,10.185714285700001,29.866666666700002,12.7333333333,36.8,21.2,3.5
1423,2009,46,96.23,300.321428571,301.785714286,296.92571428599996,308.7,296.0,31.65,84.3114285714,96.23,18.6642857143,10.457142857100001,28.94,11.96,35.3,21.9,88.2
1424,2009,47,29.72,300.48571428599996,301.75,296.108571429,311.0,294.5,47.0,80.7871428571,29.72,17.8071428571,11.9285714286,28.9,12.333333333299999,36.2,22.3,39.1
1425,2009,48,38.17,299.455714286,300.614285714,297.22571428599997,308.7,295.1,60.7,89.5942857143,38.17,19.0014285714,8.71428571429,28.4333333333,11.833333333299999,36.2,21.8,17.0
1426,2009,49,73.45,298.762857143,299.935714286,296.97,308.9,295.0,134.43,91.70857142860001,73.45,18.6714285714,7.75714285714,28.025,10.375,35.3,22.2,49.0
1427,2009,50,85.62,299.198571429,300.678571429,296.595714286,308.6,294.6,49.32,87.75285714290001,85.62,18.3042857143,10.4428571429,28.55,11.0,35.2,21.2,41.9
1428,2009,51,81.21,298.347142857,299.35,296.905714286,307.5,295.0,208.87,92.95857142860001,81.21,18.6014285714,6.67142857143,28.2,11.125,35.6,22.0,54.1
1429,2009,52,98.79,297.18142857099997,298.185714286,296.55714285700003,302.9,294.9,66.3,96.88571428569999,98.79,18.18,5.25714285714,27.2,8.2,32.2,21.8,31.2
1430,2010,53,27.04,299.26428571400004,300.521428571,294.53,308.6,292.8,8.5,78.27142857140001,27.04,16.1271428571,11.1,28.6,12.3,35.1,21.8,15.0
1431,2010,1,27.04,299.26428571400004,300.521428571,294.53,308.6,292.8,8.5,78.27142857140001,27.04,16.1271428571,11.1,28.6,12.3,35.1,21.8,15.0
1432,2010,2,32.99,298.297142857,299.935714286,296.147142857,308.0,293.8,144.6,89.80714285709999,32.99,17.7585714286,9.15714285714,27.8333333333,11.3,34.2,22.1,15.0
1433,2010,3,19.04,298.92571428599996,300.457142857,296.38,307.8,294.8,31.2,87.6414285714,19.04,18.0014285714,8.62857142857,28.9666666667,11.2666666667,35.2,22.5,0.8
1434,2010,4,138.51,298.291428571,299.614285714,296.56,308.3,295.0,65.76,91.79857142860001,138.51,18.1928571429,7.685714285710001,27.8,10.52,35.3,22.4,166.0
1435,2010,5,47.31,298.754285714,300.342857143,296.837142857,306.1,295.6,95.83,90.64857142860001,47.31,18.5228571429,8.31428571429,27.8,9.26666666667,34.2,22.0,62.3
1436,2010,6,78.25,298.25142857099996,299.678571429,297.56857142900003,306.2,295.5,172.7,96.5157142857,78.25,19.345714285699998,6.32857142857,27.0,8.3,33.2,22.9,14.5
1437,2010,7,32.19,299.648571429,300.95,297.09,309.2,294.5,54.2,88.3657142857,32.19,18.8571428571,9.41428571429,27.3,11.8,35.5,21.4,60.9
1438,2010,8,84.67,298.917142857,300.48571428599996,297.928571429,308.2,295.2,288.4,94.91571428569999,84.67,19.7728571429,8.17142857143,28.02,10.36,35.4,21.4,29.9
1439,2010,9,80.58,298.337142857,299.664285714,297.917142857,306.3,295.8,144.98,97.7,80.58,19.7542857143,6.24285714286,28.5,9.9,35.4,21.2,9.9
1440,2010,10,57.78,298.837142857,300.092857143,298.141428571,306.9,292.8,86.1,96.25,57.78,20.0914285714,8.81428571429,28.55,10.05,35.4,21.4,44.5
1441,2010,11,121.2,299.19142857099996,300.928571429,298.45,307.4,294.0,191.76,96.1242857143,121.2,20.461428571400003,8.82857142857,30.0,12.0,36.0,22.0,22.9
1442,2010,12,51.29,299.004285714,300.3,297.555714286,307.9,294.6,214.9,93.08285714290001,51.29,19.3685714286,8.02857142857,27.4666666667,9.333333333330001,34.5,21.0,20.0
1443,2010,13,49.8,299.00285714299997,300.714285714,296.56857142900003,309.1,294.2,24.25,88.7071428571,49.8,18.2142857143,9.514285714289999,27.9333333333,12.3,35.3,21.0,16.0
1444,2010,14,93.76,299.11571428599996,300.271428571,298.161428571,308.4,294.6,164.7,95.1828571429,93.76,20.0785714286,7.714285714289999,29.2,12.3,35.4,22.5,18.0
1445,2010,15,17.33,298.305714286,299.55714285700003,297.00285714299997,307.3,294.3,150.8,93.6557142857,17.33,18.6771428571,7.22857142857,27.15,9.6,33.0,21.2,18.0
1446,2010,16,86.7,298.43857142900004,299.507142857,297.678571429,304.7,294.7,81.4,95.9957142857,86.7,19.448571428599998,7.75714285714,27.85,9.6,33.5,22.5,51.1
1447,2010,17,26.0,299.048571429,300.028571429,296.468571429,308.4,294.6,23.6,87.65714285709998,26.0,18.0685714286,8.25714285714,28.85,12.125,36.2,21.4,35.4
1448,2010,18,73.97,297.61714285700003,298.585714286,296.97571428599997,304.7,294.6,85.46,96.7128571429,73.97,18.6028571429,5.71428571429,27.6,9.6,33.2,21.4,8.1
1449,2010,19,59.4,297.278571429,297.935714286,296.738571429,306.0,294.0,87.3,97.44571428569999,59.4,18.391428571400002,6.18571428571,27.4,10.4,33.7,21.2,32.0
1450,2010,20,1.15,297.648571429,298.707142857,293.227142857,308.7,290.1,8.8,78.9985714286,1.15,14.908571428599998,11.2428571429,25.633333333299998,9.2,34.0,20.0,2.5
1451,2010,21,55.3,299.33428571400003,300.771428571,296.825714286,309.7,294.5,45.0,88.7657142857,55.3,18.4857142857,9.8,28.633333333299998,11.933333333299998,35.4,22.4,27.0
1452,2010,22,86.47,298.33,299.392857143,296.452857143,308.5,291.9,207.1,91.6,86.47,18.07,7.47142857143,27.4333333333,10.5,34.7,21.7,36.6
1453,2010,23,58.94,296.598571429,297.592857143,295.50142857099996,305.5,292.4,50.6,94.28,58.94,17.0085714286,7.5,24.4,6.9,32.2,19.2,7.4
1454,2010,24,59.67,296.345714286,297.521428571,295.32428571400004,306.1,291.9,62.33,94.66,59.67,16.8157142857,7.87142857143,25.4333333333,8.73333333333,31.2,21.0,16.0
1455,2010,25,63.22,298.097142857,299.835714286,295.80714285700003,307.8,292.3,36.9,89.08285714290001,63.22,17.3557142857,11.014285714300001,27.475,9.9,33.7,22.2,20.4
